Ngày,KL ròng khớp lệnh (CP),GT ròng khớp lệnh (nghìn VND)
02/24/2025,"861.400,00","43.057.896,80"
02/21/2025,"-2.081.400,00","-120.904.460,00"
02/20/2025,"2.430.000,00","-32.133.170,00"
02/19/2025,"4.507.785,00","54.782.061,80"
02/18/2025,"1.999.970,00","13.692.088,50"
02/17/2025,"-1.034.300,00","-5.939.765,60"
02/14/2025,"3.907.300,00","86.596.740,00"
02/13/2025,"4.363.000,00","74.857.150,30"
02/12/2025,"-285.005,00","6.284.193,75"
02/11/2025,"-230.015,00","-6.555.583,00"
02/10/2025,"6.850.700,00","86.117.322,00"
02/07/2025,"2.950.100,00","-734.518.621,80"
02/06/2025,"-651.600,00","-7.612.310,00"
02/05/2025,"-832.400,00","-988.522,40"
02/04/2025,"-9.625.000,00","-316.869.105,00"
02/03/2025,"-100.005,00","-680.078,75"
01/24/2025,"1.034.980,00","44.323.944,00"
01/23/2025,"-510.000,00","-28.908.590,00"
01/22/2025,"-850.000,00","-42.740.000,00"
01/21/2025,"-20.000,00","-3.772.000,00"
01/20/2025,"-284.700,00","-22.197.322,00"
01/17/2025,"-100.000,00","-14.823.700,00"
01/16/2025,"-50.859.953,00","-2.057.285.098,85"
01/15/2025,"-70,00","-1.535,73"
01/14/2025,"260.990,00","5.219.849,00"
01/13/2025,"-86.815,00","-580.053,50"
01/10/2025,"0,00","0,00"
01/09/2025,"199.990,00","4.799.841,00"
01/08/2025,"-170.040,00","-6.817.630,00"
01/07/2025,"0,00","0,00"
01/06/2025,"-963.905,00","-9.946.725,40"
01/03/2025,"-1.134.000,00","-26.705.080,00"
01/02/2025,"0,00","0,00"
12/31/2024,"386.000,00","16.214.850,00"
12/30/2024,"1.069.995,00","18.992.425,25"
12/27/2024,"811.995,00","30.982.055,75"
12/26/2024,"-170.000,00","-2.017.730,00"
12/25/2024,"3.590.236,00","131.419.523,05"
12/24/2024,"-1.200.015,00","-23.868.219,75"
12/23/2024,"-2.985.700,00","-110.988.591,50"
12/20/2024,"3.708.462,00","87.215.604,95"
12/19/2024,"-97,00","-2.347,40"
12/18/2024,"1.549.990,00","44.744.908,00"
12/17/2024,"56.295,00","3.455.835,90"
12/16/2024,"-1.779.305,00","-52.929.139,50"
12/13/2024,"4.806.990,00","98.289.821,00"
12/12/2024,"-160.005,00","-9.703.076,00"
12/11/2024,"-1.935.200,00","33.388.615,80"
12/10/2024,"3.715.710,00","83.241.019,00"
12/09/2024,"-2.240.000,00","-149.840.000,00"
12/06/2024,"-190.000,00","-1.441.720,00"
12/05/2024,"-253.000,00","-10.636.803,00"
12/04/2024,"-509.905,00","-7.505.325,00"
12/03/2024,"-150.000,00","-1.152.000,00"
12/02/2024,"-195.705,00","4.109.751,25"
11/29/2024,"3.299.990,00","103.034.853,50"
11/28/2024,"-1.456.405,00","15.052.187,50"
11/27/2024,"-1.770.010,00","64.099.853,00"
11/26/2024,"-2.146.610,00","-161.453.516,40"
11/25/2024,"-930.000,00","-133.784.000,00"
11/22/2024,"9.922.200,00","271.243.800,00"
11/21/2024,"-9.692.284,00","-336.547.397,20"
11/20/2024,"-14.705.179,00","-144.110.170,10"
11/19/2024,"-8.605.060,00","-216.472.420,00"
11/18/2024,"-14.123.192,00","-396.047.661,20"
11/15/2024,"-20.453.100,00","-779.870.250,00"
11/14/2024,"-36.651.335,00","-487.111.423,90"
11/13/2024,"-3.020.800,00","-11.478.173,80"
11/12/2024,"-20,00","-494,00"
11/11/2024,"-2.545.000,00","-210.119.300,00"
11/08/2024,"-2.450.100,00","-113.751.000,00"
11/07/2024,"-222.000,00","1.104.510,00"
11/06/2024,"-1.028.000,00","-61.450.062,00"
11/05/2024,"-4.829.070,00","-277.306.089,88"
11/04/2024,"149.935,00","11.298.271,00"
11/01/2024,"3.399.981,00","4.120.460,35"
10/31/2024,"-15.350.000,00","-1.128.225.000,00"
10/30/2024,"5.450.000,00","110.945.900,00"
10/29/2024,"-290.500.000,00","-5.223.463.500,00"
10/28/2024,"-750.000,00","-71.368.250,00"
10/25/2024,"-500.000,00","-13.273.500,00"
10/24/2024,"0,00","0,00"
10/23/2024,"-731.703,00","-62.571.903,30"
10/22/2024,"2.380.000,00","69.796.960,00"
10/21/2024,"0,00","0,00"
10/18/2024,"5.289.850,00","52.322.451,30"
10/17/2024,"-1.910.640,00","-44.934.670,65"
10/16/2024,"6.820.000,00","61.248.150,00"
10/15/2024,"-2.800.160,00","-144.043.664,25"
10/14/2024,"-280.000,00","-11.885.000,00"
10/11/2024,"-9.170.385,00","-378.789.326,50"
10/10/2024,"5.329.591,00","104.561.363,10"
10/09/2024,"-1.352.479,00","-31.063.302,45"
10/08/2024,"-411.162,00","-54.292.179,25"
10/07/2024,"76.200,00","1.390.650,00"
10/04/2024,"-6.048.000,00","-253.898.208,00"
10/03/2024,"23.011,00","2.335.741,25"
10/02/2024,"295.218,00","90.668.640,40"
10/01/2024,"-68.000,00","-690.200,00"
09/30/2024,"-1.684.990,00","-34.088.702,30"
09/27/2024,"-848.600,00","-16.203.188,80"
09/26/2024,"31.837,00","24.123.872,90"
09/25/2024,"118.062,00","38.418.865,90"
09/24/2024,"-139.106.020,00","-2.571.219.064,40"
09/23/2024,"2.322.903,00","79.944.172,20"
09/20/2024,"825.670,00","41.830.944,10"
09/19/2024,"-1.004.494,00","-27.509.430,90"
09/18/2024,"4.985.622,00","90.683.799,50"
09/17/2024,"-1.037.530,00","-30.512.652,35"
09/16/2024,"-436.237,00","9.437.274,30"
09/13/2024,"-5.482.208,00","-233.586.453,90"
09/12/2024,"-295.524,00","-16.020.667,30"
09/11/2024,"-120.558,00","-7.998.605,10"
09/10/2024,"331.197,00","-7.445.846,20"
09/09/2024,"-119.200,00","-3.325.280,00"
09/06/2024,"-9.399.400,00","-410.881.998,00"
09/05/2024,"-160.366,00","-3.288.885,40"
09/04/2024,"-120.244,00","-7.010.067,85"
08/30/2024,"2.600.000,00","40.722.300,00"
08/29/2024,"-472.114,00","-1.882.515,75"
08/28/2024,"-778.278,00","-23.076.536,90"
08/27/2024,"-8.284.292,00","-203.183.216,10"
08/26/2024,"-1.650.341,00","-14.518.335,15"
08/23/2024,"-200.406,00","-2.017.888,00"
08/22/2024,"-1.000.866,00","-28.261.242,60"
08/21/2024,"-100.470,00","-951.655,40"
08/20/2024,"-690.351,00","-17.115.454,15"
08/19/2024,"-100.342,00","-2.253.125,50"
08/16/2024,"-5.270.372,00","-219.347.136,60"
08/15/2024,"700.832,00","18.307.750,85"
08/14/2024,"19.870.440,00","774.990.013,50"
08/13/2024,"15.495.400,00","389.494.810,00"
08/12/2024,"10.054.800,00","68.309.266,90"
08/09/2024,"-4.055.421,00","-400.941.038,40"
08/08/2024,"3.098.400,00","-260.232.673,40"
08/07/2024,"-308.000,00","-6.131.322,00"
08/06/2024,"-16.619.075,00","-660.108.257,50"
08/05/2024,"2.130.100,00","42.681.080,70"
08/02/2024,"344.020,00","6.640.414,20"
08/01/2024,"-90.000,00","-2.068.770,00"
07/31/2024,"-22.031.300,00","-964.421.595,00"
07/30/2024,"-50.000,00","-1.046.750,00"
07/29/2024,"-400.100,00","-6.942.618,25"
07/26/2024,"12.801.390,00","676.935.037,90"
07/25/2024,"4.540.600,00","6.106.160,00"
07/24/2024,"-2.308.100,00","-163.771.640,00"
07/23/2024,"259.500,00","7.600.550,00"
07/22/2024,"28.131.100,00","351.266.665,00"
07/19/2024,"27.321.949,00","238.477.912,65"
07/18/2024,"36.617.145,00","1.072.009.707,82"
07/17/2024,"3.343.124,00","193.745.789,70"
07/16/2024,"1.044.493,00","15.188.174,70"
07/15/2024,"-30.601.132,00","-1.025.596.158,05"
07/12/2024,"-11.829.676,00","-424.530.782,95"
07/11/2024,"34.943.396,00","1.049.645.213,25"
07/10/2024,"2.515.292,00","-56.847.743,65"
07/09/2024,"28.592.235,00","738.905.889,40"
07/08/2024,"-33.533.026,00","-1.022.330.605,60"
07/05/2024,"-3.953.179,00","-106.984.587,40"
07/04/2024,"-1.751,00","-93.925,50"
07/03/2024,"-1.276.307,00","-46.292.704,60"
07/02/2024,"6.065.003,00","188.523.736,75"
07/01/2024,"-1.203,00","-66.784,20"
06/28/2024,"7.117.718,00","99.798.107,70"
06/27/2024,"-21.202.911,00","-678.696.186,90"
06/26/2024,"19.045.030,00","254.147.455,50"
06/25/2024,"-210.456,00","-297.537.566,00"
06/24/2024,"14.571.275,00","261.960.822,35"
06/21/2024,"1.789.246,00","52.416.996,60"
06/20/2024,"-951.298,00","-18.580.479,15"
06/19/2024,"-9.920.898,00","-196.354.017,40"
06/18/2024,"214.000,00","13.530.476,00"
06/17/2024,"970.000,00","68.416.400,00"
06/14/2024,"-27.000,00","-715.500,00"
06/13/2024,"-3.038.700,00","-151.762.035,80"
06/12/2024,"-1.118.599,00","17.198.177,75"
06/11/2024,"-3.999.595,00","-96.665.124,50"
06/10/2024,"268.199,00","24.920.401,80"
06/07/2024,"-3.001.427,00","-71.032.627,35"
06/06/2024,"-2.381.548,00","-50.535.272,30"
06/05/2024,"7.638.878,00","156.526.785,40"
06/04/2024,"21.969.192,00","352.236.259,55"
06/03/2024,"-700.788,00","-413.407,75"
05/31/2024,"-4.737.181,00","-490.352.207,60"
05/30/2024,"3.116.429,00","83.777.954,50"
05/29/2024,"1.648.780,00","-8.333.742,50"
05/28/2024,"5.798.212,00","130.744.598,00"
05/27/2024,"-1.871.135,00","-22.694.362,95"
05/24/2024,"3.865.936,00","131.997.770,00"
05/23/2024,"2.855.986,00","88.526.245,25"
05/22/2024,"1.895.630,00","64.392.271,85"
05/21/2024,"8.973.395,00","280.569.052,55"
05/20/2024,"754.334,00","31.579.415,05"
05/17/2024,"1.968.057,00","46.281.640,40"
05/16/2024,"3.200.205,00","104.892.457,20"
05/15/2024,"2.625.132,00","58.340.221,10"
05/14/2024,"-1.818.731,00","-38.103.506,15"
05/13/2024,"-1.321,00","-66.834,35"
05/10/2024,"-205.861,00","-1.628.067,30"
05/09/2024,"-18.413.224,00","-914.089.004,88"
05/08/2024,"-9.897.300,00","-719.067.251,40"
05/07/2024,"-4.114.800,00","-91.513.600,00"
05/06/2024,"1.113.600,00","-45.268.578,00"
05/03/2024,"-6.950.000,00","-134.235.120,00"
05/02/2024,"-17.452.166,00","-533.384.168,50"
04/26/2024,"648.700,00","10.048.810,40"
04/25/2024,"19.514.200,00","159.887.253,20"
04/24/2024,"-26.248.500,00","-857.088.894,00"
04/23/2024,"3.577.800,00","80.092.294,40"
04/22/2024,"-11.431.318,00","-321.122.898,80"
04/19/2024,"-2.050.074,00","-23.876.827,80"
04/17/2024,"-6.870.000,00","-191.271.000,00"
04/16/2024,"2.318.965,00","63.192.860,65"
04/15/2024,"536.000,00","37.198.600,00"
04/12/2024,"6.265.694,00","77.800.244,30"
04/11/2024,"8.563.133,00","107.373.937,90"
04/10/2024,"15.674.200,00","414.114.730,00"
04/09/2024,"-1.620.000,00","-48.394.250,00"
04/08/2024,"-650.000,00","-29.719.700,00"
04/05/2024,"158.856,00","-11.892.398,60"
04/04/2024,"-7.747.900,00","-152.283.830,00"
04/03/2024,"278.800,00","11.876.678,00"
04/02/2024,"1.354.722,00","13.961.071,10"
04/01/2024,"149.953,00","12.133.723,95"
03/29/2024,"-2.936.800,00","-110.507.088,40"
03/28/2024,"725.814,00","7.991.956,80"
03/27/2024,"-18.527.300,00","-903.331.900,00"
03/26/2024,"-147.300,00","-6.978.093,20"
03/25/2024,"-1.427.000,00","-63.763.300,00"
03/22/2024,"51.000,00","4.078.368,00"
03/21/2024,"1.356.000,00","-38.806.645,00"
03/20/2024,"-3.200.000,00","-135.844.750,00"
03/19/2024,"-9.581.000,00","-298.249.860,00"
03/18/2024,"-28.778.000,00","-810.348.870,00"
03/15/2024,"1.748.300,00","12.475.830,00"
03/14/2024,"-20.000,00","-2.502.000,00"
03/13/2024,"-2.400.300,00","-53.897.577,30"
03/12/2024,"746.025,00","46.045.827,30"
03/11/2024,"1.146.750,00","106.176.050,00"
03/08/2024,"1.045.374,00","13.934.665,30"
03/07/2024,"7.564.233,00","92.480.220,40"
03/06/2024,"823.000,00","-14.961.450,00"
03/05/2024,"-1.017.018,00","-7.216.173,80"
03/04/2024,"1.509.949,00","68.289.375,65"
03/01/2024,"5.194.975,00","37.579.737,50"
02/29/2024,"7.049.000,00","94.588.057,00"
02/28/2024,"27.470.140,00","469.562.970,40"
02/27/2024,"759.982,00","26.235.857,50"
02/26/2024,"550.000,00","-17.564.500,00"
02/23/2024,"1.397.660,00","23.394.033,40"
02/22/2024,"6.611.759,00","71.460.078,70"
02/21/2024,"34.218.700,00","510.249.778,30"
02/20/2024,"16.543.000,00","241.670.324,00"
02/19/2024,"-303.000,00","-41.861.400,00"
02/16/2024,"381.100,00","8.993.960,00"
02/15/2024,"294.000,00","32.986.800,00"
02/07/2024,"200.000,00","4.570.000,00"
02/06/2024,"-1.328.300,00","-78.658.011,80"
02/05/2024,"587.000,00","12.708.550,00"
02/02/2024,"713.431,00","54.398.181,50"
02/01/2024,"3.241.354,00","315.241.572,60"
01/31/2024,"15.062.500,00","146.809.170,00"
01/30/2024,"829.962,00","-27.174.938,80"
01/29/2024,"314.090,00","6.638.900,00"
01/26/2024,"13.018.100,00","338.692.410,00"
01/25/2024,"2.783.000,00","59.746.000,00"
01/24/2024,"9.033.500,00","242.615.700,00"
01/23/2024,"7.735.700,00","239.586.318,30"
01/22/2024,"9.992.879,00","251.243.915,45"
01/19/2024,"-4.230.600,00","-122.669.301,00"
01/18/2024,"-1.783.300,00","-52.113.219,00"
01/17/2024,"92.320,00","-5.291.640,00"
01/16/2024,"2.409.948,00","31.248.393,20"
01/15/2024,"-751.400,00","-63.609.820,00"
01/12/2024,"-106.700,00","-78.943.350,00"
01/11/2024,"8.820.250,00","120.519.273,60"
01/10/2024,"0,00","0,00"
01/09/2024,"5.213.183,00","83.887.654,71"
01/08/2024,"1.801.412,00","33.443.428,80"
01/05/2024,"7.727.910,00","70.407.759,10"
01/04/2024,"-45.800,00","-1.870.930,00"
01/03/2024,"-10.720.000,00","-191.322.500,00"
01/02/2024,"-11.422.624,00","-221.727.847,20"
12/29/2023,"70.000,00","-2.960.700,00"
12/28/2023,"7.766.000,00","169.370.890,00"
12/27/2023,"-411.000,00","-15.185.470,00"
12/26/2023,"-1.585.000,00","-22.370.216,00"
12/25/2023,"-1.156.000,00","-46.306.468,00"
12/22/2023,"866.000,00","12.292.500,00"
12/21/2023,"-1.519.090,00","-60.658.890,00"
12/20/2023,"-3.577.421,00","-85.379.362,15"
12/19/2023,"-8.852.441,00","-133.639.497,37"
12/18/2023,"-3.184.601,00","-65.791.490,25"
12/15/2023,"-959.450,00","-69.599.450,00"
12/14/2023,"-1.145.000,00","-24.714.550,00"
12/13/2023,"-1.464.879,00","-8.004.866,50"
12/12/2023,"1.869.938,00","27.543.700,80"
12/11/2023,"-2.706.220,00","-114.163.800,00"
12/08/2023,"-80.070,00","-1.431.963,00"
12/07/2023,"97,00","2.404.664,30"
12/06/2023,"19.300,00","-2.014.030,00"
12/05/2023,"-9.842.460,00","-228.811.357,40"
12/04/2023,"-2.439.000,00","-87.992.850,00"
12/01/2023,"-2.343.839,00","-97.162.383,70"
11/30/2023,"-4.881.800,00","-72.482.245,60"
11/29/2023,"-5.037.700,00","-83.985.410,80"
11/28/2023,"936.000,00","57.203.300,00"
11/27/2023,"-100.000,00","2.681.700,00"
11/24/2023,"834.927,00","15.983.942,80"
11/23/2023,"-6.761.380,00","-117.770.022,00"
11/22/2023,"-19.970.530,00","-390.586.130,00"
11/21/2023,"-16.431.000,00","-339.625.630,00"
11/20/2023,"-2.024.900,00","-35.489.426,00"
11/17/2023,"-3.849.800,00","-80.168.458,00"
11/16/2023,"21.065,00","7.582.006,84"
11/15/2023,"9.600,00","10.475.250,00"
11/14/2023,"5.300.000,00","186.346.800,00"
11/13/2023,"-6.960.131,00","-208.639.699,00"
11/10/2023,"-8.123.900,00","-94.614.775,00"
11/09/2023,"-6.658.000,00","-158.746.400,00"
11/08/2023,"-545.000,00","-7.098.830,00"
11/07/2023,"-10.214.500,00","-259.063.978,70"
11/06/2023,"3.140.300,00","79.508.182,00"
11/03/2023,"2.897.495,00","75.329.153,30"
11/02/2023,"2.315.300,00","53.003.740,00"
11/01/2023,"-12.196.000,00","-495.268.500,00"
10/31/2023,"-5.450.037,00","-228.911.545,00"
10/30/2023,"-7.843.200,00","-237.990.722,20"
10/27/2023,"1.000.000,00","28.775.000,00"
10/26/2023,"2.029.935,00","77.718.479,00"
10/25/2023,"-460.000,00","-10.932.000,00"
10/24/2023,"-598.878,00","-10.097.919,40"
10/23/2023,"26.197.000,00","1.162.383.600,00"
10/20/2023,"5.891.499,00","585.015.281,15"
10/19/2023,"785.400,00","40.090.788,00"
10/18/2023,"-1.000.000,00","865.000,00"
10/17/2023,"-1.590.000,00","-65.688.000,00"
10/16/2023,"-240.998,00","11.308.104,00"
10/13/2023,"-246.500,00","4.738.950,00"
10/12/2023,"-1.350.000,00","-35.517.500,00"
10/11/2023,"-1.450.000,00","-31.145.700,00"
10/10/2023,"100.000,00","9.680.000,00"
10/09/2023,"-897.100,00","-37.037.225,50"
10/06/2023,"100.000,00","3.400.000,00"
10/05/2023,"-820.000,00","-17.195.400,00"
10/04/2023,"338.300,00","53.344.437,50"
10/03/2023,"100.000,00","9.500.000,00"
10/02/2023,"2.563.300,00","88.034.696,60"
09/29/2023,"643.400,00","16.780.030,00"
09/28/2023,"2.239.799,00","41.109.971,80"
09/27/2023,"5.874.054,00","181.784.553,00"
09/26/2023,"-4.948.000,00","-91.075.680,00"
09/25/2023,"0,00","0,00"
09/22/2023,"-4.521.900,00","-155.018.164,00"
09/21/2023,"2.466.097,00","125.054.804,80"
09/20/2023,"-1.416.550,00","-56.181.670,00"
09/19/2023,"-2.051.900,00","-33.482.560,00"
09/18/2023,"-4.640.200,00","-243.422.524,00"
09/15/2023,"621.000,00","-24.241.460,00"
09/14/2023,"-888.700,00","-19.906.110,00"
09/13/2023,"-854.700,00","-14.780.335,00"
09/12/2023,"-3.500.082,00","-216.382.886,10"
09/11/2023,"1.009.948,00","69.829.607,28"
09/08/2023,"23.360.000,00","498.660.500,00"
09/07/2023,"-1.144.700,00","-17.963.877,30"
09/06/2023,"21.356.700,00","450.082.307,00"
09/05/2023,"10.065.000,00","204.987.320,00"
08/31/2023,"-1.537.000,00","-21.552.235,60"
08/30/2023,"3.425.000,00","152.326.500,00"
08/29/2023,"496.000,00","31.290.800,00"
08/28/2023,"-658.000,00","35.153.428,00"
08/25/2023,"-993.900,00","-63.362.259,00"
08/24/2023,"0,00","-1.184.000,00"
08/23/2023,"1.762.000,00","51.123.600,00"
08/22/2023,"439.600,00","5.138.490,00"
08/21/2023,"-4.548.200,00","-192.127.610,00"
08/18/2023,"4.200.200,00","176.990.444,00"
08/17/2023,"7.300.000,00","361.252.500,00"
08/16/2023,"970.000,00","31.353.600,00"
08/15/2023,"-1.575.800,00","-86.271.040,00"
08/14/2023,"-5.411.100,00","-253.733.350,00"
08/11/2023,"146.000,00","8.815.772,00"
08/10/2023,"-911.500,00","-18.455.275,00"
08/09/2023,"1.600.000,00","124.640.000,00"
08/08/2023,"-3.813.100,00","-222.432.823,40"
08/07/2023,"-1.900.000,00","-81.450.000,00"
08/04/2023,"-3.627.740,00","-181.632.152,00"
08/03/2023,"2.102.000,00","59.058.240,00"
08/02/2023,"16.670.893,00","226.516.248,75"
08/01/2023,"10.907.900,00","140.220.340,00"
07/31/2023,"12.094.000,00","159.897.904,00"
07/28/2023,"14.815.000,00","242.192.720,00"
07/27/2023,"13.668.000,00","334.830.450,00"
07/26/2023,"8.763.600,00","86.123.817,60"
07/25/2023,"-477.000,00","-209.387.150,00"
07/24/2023,"745.000,00","14.334.500,00"
07/21/2023,"-1.219.200,00","113.878.205,80"
07/20/2023,"-2.057.284,00","-20.067.190,80"
07/19/2023,"-2.230.000,00","-189.940.850,00"
07/18/2023,"641.284,00","135.672.634,80"
07/17/2023,"1.250.000,00","194.370.000,00"
07/14/2023,"427.100,00","17.920.328,70"
07/13/2023,"3.138.500,00","242.012.013,70"
07/12/2023,"2.000.000,00","38.627.500,00"
07/11/2023,"2.331.700,00","-13.284.736,30"
07/10/2023,"-750.000,00","-32.827.100,00"
07/07/2023,"-37.594.803,00","-984.073.626,50"
07/06/2023,"2.209.000,00","-3.058.364,00"
07/05/2023,"3.203.428,00","61.983.537,20"
07/04/2023,"-6.050.000,00","-371.175.000,00"
07/03/2023,"-910.000,00","810.000,00"
06/30/2023,"4.500.000,00","125.131.500,00"
06/29/2023,"1.235.975,00","22.736.777,50"
06/28/2023,"-5.042.856,00","-74.774.148,70"
06/27/2023,"-3.464.200,00","-332.869.200,00"
06/26/2023,"-563.300,00","12.803.416,70"
06/23/2023,"0,00","0,00"
06/22/2023,"-11.199.000,00","-585.366.330,00"
06/21/2023,"2.827.000,00","14.585.290,00"
06/20/2023,"908.100,00","-11.326.985,00"
06/19/2023,"5.595.000,00","84.476.710,00"
06/16/2023,"4.495.699,00","103.627.828,70"
06/15/2023,"-1.172.600,00","-55.781.030,00"
06/14/2023,"2.451.600,00","86.927.160,00"
06/13/2023,"-1.500.000,00","-58.850.000,00"
06/12/2023,"-10.800.730,00","-168.744.124,01"
06/09/2023,"-4.447.000,00","-102.124.361,60"
06/08/2023,"5.598.230,00","73.979.123,00"
06/07/2023,"5.650.000,00","127.547.750,00"
06/06/2023,"-2.212.740,00","-54.109.062,56"
06/05/2023,"-1.641.400,00","-2.897.615,00"
06/02/2023,"1.070.000,00","107.552.880,00"
06/01/2023,"-280.000,00","2.469.570,00"
05/31/2023,"-2.976.550,00","-52.563.680,00"
05/30/2023,"-28.893.650,00","-318.300.470,00"
05/29/2023,"-815.668,00","-11.435.020,00"
05/26/2023,"-2.763.100,00","-86.661.116,40"
05/25/2023,"-1.250.000,00","-23.812.500,00"
05/24/2023,"-2.109.700,00","-46.150.743,80"
05/23/2023,"2.000.000,00","27.600.000,00"
05/22/2023,"-170.400,00","2.920.611,60"
05/19/2023,"23.428.786,00","1.244.558.345,52"
05/18/2023,"-203.300,00","-17.535.250,60"
05/17/2023,"1.699.600,00","628.084,40"
05/16/2023,"-220.810,00","-40.318.070,00"
05/15/2023,"34.900,00","-975.055,70"
05/12/2023,"1.560.000,00","5.528.470,00"
05/11/2023,"65.700,00","12.562.832,10"
05/10/2023,"1.714.800,00","12.284.489,40"
05/09/2023,"85.100,00","3.819.543,30"
05/08/2023,"614.700,00","-3.715.558,60"
05/05/2023,"194.800,00","17.749.034,80"
05/04/2023,"880.000,00","3.564.000,00"
04/28/2023,"0,00","0,00"
04/27/2023,"910.537,00","-153.766,76"
04/26/2023,"1.300.500,00","91.138.791,50"
04/25/2023,"2.470.470,00","-1.239.732,00"
04/24/2023,"2.107.600,00","55.637.580,00"
04/21/2023,"2.084.000,00","8.964.450,00"
04/20/2023,"-100.000,00","-736.400,00"
04/19/2023,"-28.996.554,00","-372.819.610,00"
04/18/2023,"2.370.000,00","8.621.000,00"
04/17/2023,"95.000,00","1.876.250,00"
04/14/2023,"-150.000,00","-413.650,00"
04/13/2023,"2.668.100,00","24.672.498,10"
04/12/2023,"313.000,00","1.736.700,00"
04/11/2023,"-300.000,00","-4.863.300,00"
04/10/2023,"2.759.928,00","15.943.397,60"
04/07/2023,"-100.000,00","-8.590.000,00"
04/06/2023,"-40.000,00","-795.880,00"
04/05/2023,"2.550.000,00","9.919.500,00"
04/04/2023,"0,00","0,00"
04/03/2023,"-3.500,00","-165.570,00"
03/31/2023,"1.206.000,00","36.172.030,00"
03/30/2023,"-550.033,00","-6.257.288,35"
03/29/2023,"774.996,00","15.005.232,80"
03/28/2023,"-300.000,00","-4.726.200,00"
03/27/2023,"-400.000,00","-6.284.400,00"
03/24/2023,"-38.100.000,00","-463.176.300,00"
03/23/2023,"3.733.600,00","35.409.156,00"
03/22/2023,"-12.300.000,00","-157.240.500,00"
03/21/2023,"-44.000.000,00","-555.853.500,00"
03/20/2023,"-41.100.000,00","-528.358.600,00"
03/17/2023,"-29.259.700,00","-357.174.700,00"
03/16/2023,"19.988,00","-3.681.778,00"
03/15/2023,"30.900,00","2.249.520,00"
03/14/2023,"-1.600.000,00","-28.341.000,00"
03/13/2023,"-1.885.000,00","-30.508.950,00"
03/10/2023,"257.800,00","4.759.503,60"
03/09/2023,"82.800,00","3.999.420,00"
03/08/2023,"-1.231.700,00","-17.268.500,00"
03/07/2023,"0,00","0,00"
03/06/2023,"210.500,00","5.301.950,00"
03/03/2023,"-412.900,00","-9.161.838,10"
03/02/2023,"-25.000,00","-4.719.650,00"
03/01/2023,"-841.490,00","-13.050.210,00"
02/28/2023,"-429.200,00","-6.722.540,00"
02/27/2023,"-1.246.400,00","-18.025.436,80"
02/24/2023,"117.338,00","2.065.218,80"
02/23/2023,"-2.629.420,00","-59.146.998,20"
02/22/2023,"0,00","0,00"
02/21/2023,"-150.000,00","-2.290.000,00"
02/20/2023,"0,00","0,00"
02/17/2023,"117.300,00","13.040.391,90"
02/16/2023,"500.000,00","11.900.000,00"
02/15/2023,"21.800,00","1.708.610,00"
02/14/2023,"91.077,00","8.021.750,10"
02/13/2023,"-20.000,00","-391.000,00"
02/10/2023,"0,00","0,00"
02/09/2023,"-974.100,00","-83.430.739,30"
02/08/2023,"354.482,00","11.101.727,60"
02/07/2023,"-262.300,00","-6.874.455,00"
02/06/2023,"-100.000,00","-1.532.200,00"
02/03/2023,"936.500,00","16.352.549,50"
02/02/2023,"0,00","0,00"
02/01/2023,"48.140,00","7.338.590,80"
01/31/2023,"249.700,00","23.252.563,40"
01/30/2023,"-292.300,00","-17.302.935,90"
01/27/2023,"-600.000,00","-7.080.000,00"
01/19/2023,"500.000,00","8.190.000,00"
01/18/2023,"3.532.800,00","63.650.540,00"
01/17/2023,"178.200,00","16.321.119,80"
01/16/2023,"8.000.000,00","124.736.000,00"
01/13/2023,"-133.115.107,00","-3.393.556.978,50"
01/12/2023,"-290.070,00","-11.369.135,00"
01/11/2023,"-100.000,00","-1.502.000,00"
01/10/2023,"2.399.935,00","36.581.017,50"
01/09/2023,"2.550.000,00","39.680.000,00"
01/06/2023,"4.118.400,00","70.152.880,00"
01/05/2023,"-100.000,00","-1.499.700,00"
01/04/2023,"6.700.000,00","124.128.400,00"
01/03/2023,"-48.310,00","-534.310,00"
12/30/2022,"130.000,00","42.920.440,00"
12/29/2022,"-5.700.000,00","-89.418.600,00"
12/28/2022,"-700.000,00","-91.935.000,00"
12/27/2022,"-220.900,00","-13.300.530,00"
12/26/2022,"6.400.000,00","119.606.300,00"
12/23/2022,"-450.000,00","-61.890.000,00"
12/22/2022,"-102.046.489,00","-2.853.291.292,00"
12/21/2022,"43.400.000,00","1.219.238.300,00"
12/20/2022,"28.030.000,00","787.987.100,00"
12/19/2022,"-12.750.000,00","-188.130.000,00"
12/16/2022,"0,00","0,00"
12/15/2022,"0,00","0,00"
12/14/2022,"0,00","0,00"
12/13/2022,"261.000,00","21.430.024,00"
12/12/2022,"2.148.600,00","191.641.270,00"
12/09/2022,"82.000,00","2.053.426,00"
12/08/2022,"-1.180.000,00","-29.004.000,00"
12/07/2022,"-15.300,00","-473.507,00"
12/06/2022,"225.000,00","4.539.500,00"
12/05/2022,"521.600,00","49.977.020,40"
12/02/2022,"2.040.100,00","21.504.954,50"
12/01/2022,"-283.200,00","39.282.400,00"
11/30/2022,"173.800,00","12.239.206,00"
11/29/2022,"522.400,00","79.317.920,00"
11/28/2022,"100.000,00","3.700.000,00"
11/25/2022,"300.000,00","10.500.000,00"
11/24/2022,"-1.995.000,00","-22.781.250,00"
11/23/2022,"81.900,00","1.975.215,00"
11/22/2022,"4.156.500,00","69.635.075,00"
11/21/2022,"2.429.800,00","48.493.670,00"
11/18/2022,"-2.577.562,00","24.711.591,75"
11/17/2022,"2.628.600,00","70.352.600,00"
11/16/2022,"1.752.300,00","31.299.597,40"
11/15/2022,"3.577.500,00","57.981.544,40"
11/14/2022,"938.700,00","31.945.551,60"
11/11/2022,"25.163.300,00","458.513.160,00"
11/10/2022,"-2.931.000,00","-58.108.940,00"
11/09/2022,"17.298.278,00","211.783.648,20"
11/08/2022,"150.500,00","19.007.304,50"
11/07/2022,"-1.644.900,00","-17.558.232,90"
11/04/2022,"-257.400,00","-21.245.055,00"
11/03/2022,"23.900,00","457.685,00"
11/02/2022,"-20.000,00","-2.092.960,00"
11/01/2022,"-585.000,00","-50.017.500,00"
10/31/2022,"24.200.000,00","356.197.600,00"
10/28/2022,"-74.391.100,00","-3.335.613.387,90"
10/27/2022,"19.800,00","1.620.600,00"
10/26/2022,"118.988,00","9.229.203,55"
10/25/2022,"20.700,00","1.449.000,00"
10/24/2022,"-481.700,00","-36.946.390,00"
10/21/2022,"-921.400,00","-7.642.040,00"
10/20/2022,"-560.000,00","22.081.080,00"
10/19/2022,"-300.000,00","-24.600.000,00"
10/18/2022,"12.200,00","-167.400,00"
10/17/2022,"-113.800,00","-7.704.260,00"
10/14/2022,"-45.600,00","-3.380.829,60"
10/13/2022,"282.900,00","8.480.189,40"
10/12/2022,"165.492,00","5.305.557,80"
10/11/2022,"166.200,00","11.842.570,00"
10/10/2022,"2.251.200,00","194.645.892,70"
10/07/2022,"-5.000,00","1.183.180,00"
10/06/2022,"3.927.700,00","94.118.596,00"
10/05/2022,"2.786.900,00","82.846.750,00"
10/04/2022,"6.484.100,00","122.939.380,00"
10/03/2022,"2.835.000,00","75.480.620,00"
09/30/2022,"11.719.540,00","131.129.280,00"
09/29/2022,"4.473.500,00","33.663.797,80"
09/28/2022,"380.000,00","33.157.400,00"
09/27/2022,"-221.200,00","-3.349.250,00"
09/26/2022,"4.530.000,00","111.869.000,00"
09/23/2022,"-3.250.000,00","-101.145.000,00"
09/22/2022,"-878.700,00","-79.206.250,00"
09/21/2022,"1.250.000,00","25.219.300,00"
09/20/2022,"1.950.000,00","39.051.800,00"
09/19/2022,"600.000,00","15.248.300,00"
09/16/2022,"-4.908.000,00","-79.203.000,00"
09/15/2022,"100.000,00","2.720.000,00"
09/14/2022,"-500.000,00","-10.256.100,00"
09/13/2022,"1.577.000,00","38.357.554,00"
09/12/2022,"1.053.000,00","62.654.355,00"
09/09/2022,"1.370.000,00","34.678.750,00"
09/08/2022,"1.050.000,00","81.148.000,00"
09/07/2022,"0,00","0,00"
09/06/2022,"98.000,00","7.271.600,00"
09/05/2022,"-1.729.900,00","-136.024.040,00"
08/31/2022,"-2.235.800,00","-105.905.320,00"
08/30/2022,"-115.184,00","-9.396.640,80"
08/29/2022,"-600.000,00","-29.187.600,00"
08/26/2022,"-100.000,00","-3.951.900,00"
08/25/2022,"4.325.000,00","50.015.580,00"
08/24/2022,"-90.100,00","69.991.927,40"
08/23/2022,"-514.710,00","16.270.072,90"
08/22/2022,"375.000,00","42.187.500,00"
08/19/2022,"-3.534.800,00","-43.281.000,00"
08/18/2022,"339.871,00","6.606.542,64"
08/17/2022,"0,00","0,00"
08/16/2022,"859.944,00","29.371.069,20"
08/15/2022,"1.179.927,00","110.288.710,50"
08/12/2022,"-100.000,00","-7.165.400,00"
08/11/2022,"1.179.960,00","28.375.884,00"
08/10/2022,"2.340.000,00","46.750.820,00"
08/09/2022,"-885.400,00","-30.535.518,50"
08/08/2022,"5.421.900,00","100.593.968,00"
08/05/2022,"5.058.139,00","6.285.076,80"
08/04/2022,"-8.720.060,00","-227.896.100,00"
08/03/2022,"-3.295.000,00","-17.604.100,00"
08/02/2022,"-7.600.000,00","-193.691.700,00"
08/01/2022,"660.000,00","11.609.160,00"
07/29/2022,"-2.091.400,00","-64.164.740,00"
07/28/2022,"5.300.000,00","344.500.000,00"
07/27/2022,"9.492.900,00","618.938.967,16"
07/26/2022,"2.700.000,00","1.875.800,00"
07/25/2022,"1.600.000,00","41.758.500,00"
07/22/2022,"1.359.455,00","36.019.078,95"
07/21/2022,"1.069.480,00","24.853.240,00"
07/20/2022,"1.167.960,00","11.219.007,12"
07/19/2022,"-1.040.140,00","-26.243.681,00"
07/18/2022,"150.000,00","-11.624.950,00"
07/15/2022,"-11.064.490,00","-318.597.285,00"
07/14/2022,"8.279.780,00","70.218.572,00"
07/13/2022,"-7.000.000,00","-204.400.000,00"
07/12/2022,"1.402.500,00","37.513.260,60"
07/11/2022,"600.000,00","15.446.000,00"
07/08/2022,"1.131.300,00","24.537.540,00"
07/07/2022,"1.100.000,00","26.423.900,00"
07/06/2022,"2.272.984,00","54.259.972,40"
07/05/2022,"5.179.941,00","89.753.458,30"
07/04/2022,"200.000,00","5.960.300,00"
07/01/2022,"235.400,00","-17.458.210,00"
06/30/2022,"54.834,00","6.466.253,60"
06/29/2022,"-3.595.040,00","-146.134.744,00"
06/28/2022,"855.500,00","52.378.625,00"
06/27/2022,"-150.000,00","-4.076.100,00"
06/24/2022,"240.000,00","33.114.500,00"
06/23/2022,"7.057.016,00","226.591.359,50"
06/22/2022,"0,00","0,00"
06/21/2022,"-615.000,00","-9.002.985,00"
06/20/2022,"-80.250,00","-1.248.718,50"
06/17/2022,"-320.060,00","-36.081.680,00"
06/16/2022,"-350.000,00","-5.564.650,00"
06/15/2022,"139.400,00","20.213.000,00"
06/14/2022,"0,00","0,00"
06/13/2022,"704.100,00","109.135.500,00"
06/10/2022,"23.100,00","686.070,00"
06/09/2022,"879.915,00","25.897.950,00"
06/08/2022,"1.729.700,00","34.328.710,00"
06/07/2022,"1.159.885,00","31.185.426,00"
06/06/2022,"2.279.998,00","64.816.448,00"
06/03/2022,"0,00","0,00"
06/02/2022,"194.917,00","24.498.778,26"
06/01/2022,"700.000,00","20.806.000,00"
05/31/2022,"8.509.843,00","237.188.401,70"
05/30/2022,"38.766.300,00","1.403.563.480,00"
05/27/2022,"3.402.500,00","82.369.600,00"
05/26/2022,"99.800,00","4.045.564,50"
05/25/2022,"-20.041,00","-694.420,65"
05/24/2022,"-120.242,00","-1.439.953,50"
05/23/2022,"1.460.054,00","35.558.102,80"
05/20/2022,"0,00","0,00"
05/19/2022,"-40.000,00","-4.080.000,00"
05/18/2022,"-520.020,00","-47.041.541,00"
05/17/2022,"0,00","0,00"
05/16/2022,"0,00","0,00"
05/13/2022,"21.257.936,00","580.391.713,80"
05/12/2022,"-20.006,00","-497.149,10"
05/11/2022,"716.000,00","42.521.995,00"
05/10/2022,"-1.740.112,00","-14.590.570,85"
05/09/2022,"-520.020,00","-13.769.494,00"
05/06/2022,"99.800,00","-26.111.650,00"
05/05/2022,"-500.000,00","-43.000.000,00"
05/04/2022,"-1.000.000,00","-47.900.000,00"
04/29/2022,"2.682.590,00","188.940.970,00"
04/28/2022,"329.300,00","6.487.210,00"
04/27/2022,"-80.200,00","-4.904.230,00"
04/26/2022,"-40.100,00","-5.184.000,00"
04/25/2022,"6.300.528,00","126.669.100,00"
04/22/2022,"1.373.000,00","17.927.500,00"
04/21/2022,"1.479.901,00","24.556.468,18"
04/20/2022,"-520.040,00","-10.836.064,00"
04/19/2022,"0,00","0,00"
04/18/2022,"3.010.000,00","73.411.050,00"
04/15/2022,"354.714,00","54.593.966,12"
04/14/2022,"0,00","0,00"
04/13/2022,"9.359.600,00","1.495.832.100,00"
04/12/2022,"4.310.050,00","105.928.265,00"
04/08/2022,"-330.024,00","-9.293.113,55"
04/07/2022,"-378.100,00","3.682.300,00"
04/06/2022,"107.700,00","13.074.780,00"
04/05/2022,"-1.000.000,00","-22.073.000,00"
04/04/2022,"1.089.400,00","50.579.226,30"
04/01/2022,"-798.546,00","-17.548.629,40"
03/31/2022,"-5.700,00","2.095.150,00"
03/30/2022,"1.537.700,00","56.873.772,10"
03/29/2022,"2.634.090,00","240.536.964,00"
03/28/2022,"-469.700,00","-38.078.900,00"
03/25/2022,"-500.000,00","-10.921.000,00"
03/24/2022,"-520.008,00","-12.457.602,40"
03/23/2022,"2.229.975,00","197.540.330,85"
03/22/2022,"1.416.900,00","91.248.500,00"
03/21/2022,"3.550.000,00","149.462.500,00"
03/18/2022,"-500.000,00","-15.000.000,00"
03/17/2022,"-252.900,00","-9.948.140,20"
03/16/2022,"-80.074,00","-10.797.220,48"
03/15/2022,"609.870,00","38.930.719,56"
03/14/2022,"-739.076,00","-13.283.742,98"
03/11/2022,"-1.020.000,00","-30.806.000,00"
03/10/2022,"-225.000,00","-11.208.500,00"
03/09/2022,"-1.680.276,00","-37.365.998,50"
03/08/2022,"-1.333.062,00","-40.624.674,90"
03/07/2022,"-2.750.000,00","-156.762.000,00"
03/04/2022,"14.334.900,00","574.319.762,40"
03/03/2022,"-1.354.096,00","-38.824.994,00"
03/02/2022,"0,00","0,00"
03/01/2022,"13.476.790,00","396.529.441,40"
02/28/2022,"4.910.900,00","138.421.736,70"
02/25/2022,"-80.025,00","-2.978.096,00"
02/24/2022,"3.120.000,00","180.960.000,00"
02/23/2022,"0,00","0,00"
02/22/2022,"500.000,00","5.012.000,00"
02/21/2022,"-300.000,00","-24.270.000,00"
02/18/2022,"209.600,00","7.237.068,80"
02/17/2022,"2.787.000,00","154.231.920,00"
02/16/2022,"350.000,00","9.014.780,00"
02/15/2022,"-2.000,00","10.091.600,00"
02/14/2022,"-20.038,00","-1.765.347,80"
02/11/2022,"-386.107,00","-5.913.890,15"
02/10/2022,"-1.000.000,00","-32.100.000,00"
02/09/2022,"-500.000,00","-38.650.000,00"
02/08/2022,"-20.099,00","-1.748.613,00"
02/07/2022,"-1.852.900,00","-48.990.902,80"
01/28/2022,"-290.000,00","-30.112.100,00"
01/27/2022,"-920.000,00","-81.756.000,00"
01/26/2022,"-1.252.300,00","-165.798.329,40"
01/25/2022,"1.885.000,00","7.414.850,00"
01/24/2022,"-891.020,00","-79.338.951,62"
01/21/2022,"-326.962,00","-55.011.501,40"
01/20/2022,"0,00","0,00"
01/19/2022,"-33.586.281,00","-4.797.251.294,00"
01/18/2022,"1.198.245,00","22.677.201,20"
01/17/2022,"1.959.901,00","68.247.829,60"
01/14/2022,"3.838.000,00","106.830.730,00"
01/13/2022,"200.600,00","16.922.327,60"
01/12/2022,"138.700,00","11.521.115,50"
01/11/2022,"0,00","0,00"
01/10/2022,"-104.025,00","-8.333.861,25"
01/07/2022,"-55.121,00","-5.875.734,40"
01/06/2022,"3.520.330,00","81.841.352,00"
01/05/2022,"-500.000,00","-90.950.000,00"
01/04/2022,"0,00","0,00"
12/31/2021,"0,00","0,00"
12/30/2021,"0,00","0,00"
12/29/2021,"100.000,00","5.500.000,00"
12/28/2021,"929.983,00","-41.803.370,85"
12/27/2021,"-750.000,00","-40.550.000,00"
12/24/2021,"600.000,00","54.372.000,00"
12/23/2021,"0,00","0,00"
12/22/2021,"279.953,00","26.809.899,29"
12/21/2021,"216.000,00","21.789.655,00"
12/20/2021,"-400.000,00","-48.150.000,00"
12/17/2021,"-355.000,00","-31.870.750,00"
12/16/2021,"-200.000,00","-25.600.000,00"
12/15/2021,"1.874.988,00","140.404.553,00"
12/14/2021,"305.950,00","15.158.430,70"
12/13/2021,"272.432,00","13.769.363,35"
12/10/2021,"100.000,00","5.650.000,00"
12/09/2021,"225.000,00","8.306.375,00"
12/08/2021,"47.477,00","23.832.050,94"
12/07/2021,"1.830.000,00","44.988.940,00"
12/06/2021,"0,00","3.768.000,00"
12/03/2021,"240.500,00","23.601.374,00"
12/02/2021,"150.000,00","8.700.000,00"
12/01/2021,"-120.056,00","18.010.566,40"
11/30/2021,"119.870,00","9.128.856,40"
11/29/2021,"1.140.000,00","125.547.440,00"
11/26/2021,"-5.660.000,00","-214.438.700,00"
11/25/2021,"-2.083.468,00","-142.156.812,99"
11/24/2021,"-1.900.000,00","-193.125.000,00"
11/23/2021,"2.017.429,00","29.021.231,80"
11/22/2021,"1.629.990,00","80.136.134,00"
11/19/2021,"2.136.843,00","117.900.676,30"
11/18/2021,"178.950,00","13.773.200,00"
11/17/2021,"4.804.984,00","146.744.390,43"
11/16/2021,"7.700.000,00","128.000.000,00"
11/15/2021,"7.243.000,00","230.162.640,00"
11/12/2021,"-190.000,00","951.450,00"
11/11/2021,"289.920,00","20.105.510,56"
11/10/2021,"-9.612.960,00","-363.884.452,00"
11/09/2021,"700.000,00","-21.900.000,00"
11/08/2021,"500.000,00","30.250.000,00"
11/05/2021,"346.000,00","25.822.500,00"
11/04/2021,"4.000.000,00","127.361.000,00"
11/03/2021,"2.083.600,00","74.516.705,50"
11/02/2021,"-3.517.100,00","-542.392.440,00"
11/01/2021,"500.000,00","29.250.000,00"
10/29/2021,"8.099.913,00","174.521.546,32"
10/28/2021,"220.000,00","9.000.500,00"
10/27/2021,"-492.584,00","-17.856.819,38"
10/26/2021,"-600.000,00","-32.610.000,00"
10/25/2021,"-3.145.700,00","-443.616.396,00"
10/22/2021,"2.000.000,00","75.000.000,00"
10/21/2021,"3.000.000,00","61.185.000,00"
10/20/2021,"3.119.000,00","60.424.798,00"
10/19/2021,"-20.054,00","-1.808.870,80"
10/18/2021,"1.273.600,00","13.905.696,80"
10/15/2021,"0,00","0,00"
10/14/2021,"272.316,00","18.048.730,00"
10/13/2021,"1.060.000,00","21.638.840,00"
10/12/2021,"5.400.000,00","270.000.000,00"
10/11/2021,"4.262.944,00","212.602.400,00"
10/08/2021,"0,00","0,00"
10/07/2021,"700.000,00","19.273.225,00"
10/06/2021,"-480.000,00","-74.416.000,00"
10/05/2021,"23.149.927,00","1.036.959.926,80"
10/04/2021,"-697.200,00","-10.548.880,00"
10/01/2021,"-600.000,00","-78.073.500,00"
09/30/2021,"1.000.000,00","30.001.600,00"
09/29/2021,"245.573,00","14.383.784,50"
09/28/2021,"-260.157,00","-8.738.826,00"
09/27/2021,"-978.135,00","9.156.465,00"
09/24/2021,"3.931.963,00","93.508.188,40"
09/23/2021,"0,00","0,00"
09/22/2021,"500.000,00","47.000.000,00"
09/21/2021,"-3.000.000,00","-95.574.000,00"
09/20/2021,"4.373.000,00","182.656.394,00"
09/17/2021,"-20.001,00","-872.043,60"
09/16/2021,"-500.000,00","-22.575.000,00"
09/15/2021,"-270.090,00","-12.362.315,00"
09/14/2021,"-5.191.400,00","-327.958.450,00"
09/13/2021,"-465.000,00","-23.572.000,00"
09/10/2021,"1.886.500,00","99.274.170,00"
09/09/2021,"451.345,00","22.489.785,90"
09/08/2021,"1.946.000,00","-109.774.630,00"
09/07/2021,"-3.607.510,00","-281.136.871,00"
09/06/2021,"2.469.749,00","34.968.901,95"
09/01/2021,"-2.232.300,00","-290.354.975,00"
08/31/2021,"0,00","0,00"
08/30/2021,"0,00","0,00"
08/27/2021,"-1.900.000,00","-255.740.000,00"
08/26/2021,"1.956.818,00","55.923.919,90"
08/25/2021,"2.826.848,00","80.751.627,40"
08/24/2021,"-20.050,00","-976.194,40"
08/23/2021,"26.490,00","-4.144.655,58"
08/20/2021,"-6.155.140,00","-345.701.065,60"
08/19/2021,"-14.492.000,00","-818.744.490,00"
08/18/2021,"-120.000,00","-12.595.560,00"
08/17/2021,"0,00","0,00"
08/16/2021,"0,00","0,00"
08/13/2021,"-3.320.200,00","-329.144.380,00"
08/12/2021,"-20.010,00","-1.211.305,35"
08/11/2021,"1.721.045,00","192.607.599,50"
08/10/2021,"4.300.000,00","487.190.000,00"
08/09/2021,"5.580.000,00","445.664.000,00"
08/06/2021,"0,00","0,00"
08/05/2021,"3.200.000,00","456.252.400,00"
08/04/2021,"3.941.944,00","424.965.348,40"
08/03/2021,"1.352.392,00","114.387.135,10"
08/02/2021,"2.100.070,00","99.471.631,78"
07/30/2021,"-359.000,00","-8.191.828,00"
07/29/2021,"-3.200.000,00","111.406.500,00"
07/28/2021,"2.454.940,00","123.072.100,00"
07/27/2021,"8.252.000,00","415.674.200,00"
07/26/2021,"500.000,00","53.500.000,00"
07/23/2021,"-1.108.596,00","-125.108.556,00"
07/22/2021,"-2.901.540,00","-422.899.474,40"
07/21/2021,"-11.505.128,00","-1.255.743.992,00"
07/20/2021,"2.382.800,00","70.989.150,00"
07/19/2021,"-9.800.000,00","-218.810.400,00"
07/16/2021,"1.173.000,00","42.945.948,00"
07/15/2021,"309.890,00","6.375.922,00"
07/14/2021,"870.200,00","22.761.680,00"
07/13/2021,"-491.400,00","-5.994.770,00"
07/12/2021,"1.223.400,00","35.019.880,00"
07/09/2021,"-276.076,00","-12.865.999,60"
07/08/2021,"-1.400.000,00","-35.700.000,00"
07/07/2021,"-2.796.800,00","-60.836.930,00"
07/06/2021,"-250.000,00","-3.000.000,00"
07/05/2021,"-55.200,00","43.280.710,00"
07/02/2021,"16.545.212,00","1.898.642.430,90"
07/01/2021,"3.920.000,00","155.021.220,00"
06/30/2021,"16.329.335,00","1.688.248.024,00"
06/29/2021,"694.978,00","28.988.343,70"
06/28/2021,"1.599.023,00","137.903.092,20"
06/25/2021,"-1.803.190,00","-1.456.008,20"
06/24/2021,"3.839.727,00","157.639.709,30"
06/23/2021,"1.339.000,00","67.165.408,00"
06/22/2021,"-3.712.706,00","41.322.149,38"
06/21/2021,"914.600,00","70.752.000,00"
06/18/2021,"5.423.395,00","467.531.487,00"
06/17/2021,"-1.684.289,00","75.133.840,50"
06/16/2021,"-2.465.912,00","-153.022.421,60"
06/15/2021,"-2.482.400,00","-81.874.616,80"
06/14/2021,"-7.868.970,00","-149.725.612,00"
06/11/2021,"4.100.000,00","102.021.000,00"
06/10/2021,"-130.000,00","-12.212.000,00"
06/09/2021,"1.059.892,00","44.314.403,50"
06/08/2021,"2.099.962,00","53.314.628,88"
06/07/2021,"1.143.800,00","31.954.458,50"
06/04/2021,"-3.076.123,00","-364.148.015,10"
06/03/2021,"0,00","0,00"
06/02/2021,"1.546.100,00","118.976.959,00"
06/01/2021,"-670.009,00","-23.350.270,00"
05/31/2021,"-3.775.091,00","-93.546.635,50"
05/28/2021,"700.000,00","16.965.000,00"
05/27/2021,"433.000,00","41.457.900,00"
05/26/2021,"273.300,00","-6.313.800,00"
05/25/2021,"-3.120.033,00","-69.122.933,00"
05/24/2021,"-9.661.100,00","-219.691.090,00"
05/21/2021,"-569.295,00","-21.081.815,00"
05/20/2021,"-7.720.065,00","-277.577.222,00"
05/19/2021,"1.879.728,00","84.635.829,90"
05/18/2021,"0,00","0,00"
05/17/2021,"2.539.715,00","228.694.626,50"
05/14/2021,"-420.000,00","-20.886.000,00"
05/13/2021,"-2.040.416,00","-109.577.369,33"
05/12/2021,"-1.524.700,00","-46.295.780,00"
05/11/2021,"4.116.781,00","85.087.565,00"
05/10/2021,"3.515.000,00","46.613.000,00"
05/07/2021,"5.629.908,00","125.979.352,00"
05/06/2021,"-2.440.400,00","-107.071.635,00"
05/05/2021,"-1.790.049,00","-25.902.386,30"
05/04/2021,"-6.380.016,00","-171.540.044,61"
04/29/2021,"133.970,00","4.616.006,88"
04/28/2021,"279.970,00","5.765.935,00"
04/27/2021,"1.686.800,00","123.950.100,00"
04/26/2021,"17.329.886,00","365.290.617,10"
04/23/2021,"-1.574.000,00","-30.271.075,00"
04/22/2021,"-943.163,00","513.886.133,75"
04/20/2021,"945.002,00","44.871.829,00"
04/19/2021,"279.940,00","4.566.276,00"
04/16/2021,"-1.073.050,00","-30.966.792,00"
04/15/2021,"-4.300.000,00","-93.126.000,00"
04/14/2021,"8.850.826,00","102.794.190,40"
04/13/2021,"-1.450.000,00","25.480.000,00"
04/12/2021,"3.540.000,00","179.722.610,00"
04/09/2021,"24.349.600,00","2.311.208.720,00"
04/08/2021,"178.400,00","12.065.559,70"
04/07/2021,"4.530.000,00","93.397.100,00"
04/06/2021,"979.920,00","114.017.240,00"
04/05/2021,"4.600.000,00","95.909.000,00"
04/02/2021,"650.000,00","13.684.500,00"
04/01/2021,"1.450.000,00","85.969.800,00"
03/31/2021,"3.580.000,00","411.700.000,00"
03/30/2021,"520.009,00","58.364.753,58"
03/29/2021,"-3.400.000,00","-117.149.000,00"
03/26/2021,"4.700.000,00","98.287.000,00"
03/25/2021,"7.454.800,00","823.351.680,40"
03/24/2021,"-2.129.909,00","-948.332,90"
03/23/2021,"900.000,00","-222.000,00"
03/22/2021,"2.959.969,00","63.744.859,70"
03/19/2021,"4.436.100,00","244.015.330,00"
03/18/2021,"-11.199.800,00","-203.708.484,90"
03/17/2021,"4.254.100,00","110.237.120,00"
03/16/2021,"8.337.900,00","168.418.458,00"
03/15/2021,"2.040.000,00","43.228.000,00"
03/12/2021,"310.406,00","9.704.420,25"
03/11/2021,"5.629.930,00","113.651.733,00"
03/10/2021,"65.950,00","1.518.400,50"
03/09/2021,"3.042.100,00","60.523.852,90"
03/08/2021,"-1.800.000,00","-35.220.000,00"
03/05/2021,"-927.300,00","-44.172.746,50"
03/04/2021,"1.300.000,00","28.368.300,00"
03/03/2021,"669.940,00","9.571.778,00"
03/02/2021,"464.606,00","-24.450.354,70"
03/01/2021,"80.000,00","3.685.680,00"
02/26/2021,"233.945,00","11.887.774,00"
02/25/2021,"571.500,00","13.764.000,00"
02/24/2021,"-792.300,00","-12.103.488,40"
02/23/2021,"916.714,00","79.279.266,00"
02/22/2021,"-20.040,00","-2.154.300,00"
02/19/2021,"2.719.804,00","52.865.462,35"
02/18/2021,"8.525.940,00","150.627.632,00"
02/17/2021,"6.671.300,00","103.183.862,70"
02/09/2021,"-2.400.870,00","66.432.571,70"
02/08/2021,"-5.240.000,00","22.910.275,00"
02/05/2021,"15.345.708,00","304.557.080,70"
02/04/2021,"14.109.990,00","253.748.523,00"
02/03/2021,"32.095.665,00","1.269.988.400,50"
02/02/2021,"738.710,00","12.977.005,60"
02/01/2021,"2.040.000,00","10.674.000,00"
01/29/2021,"8.394.700,00","863.015.681,37"
01/28/2021,"-892.910,00","-30.297.480,00"
01/27/2021,"-1.669.900,00","-57.579.900,00"
01/26/2021,"7.900.000,00","149.053.000,00"
01/25/2021,"14.313.242,00","201.173.968,40"
01/22/2021,"10.710.000,00","223.149.000,00"
01/21/2021,"-350.000,00","-27.671.000,00"
01/20/2021,"4.778.628,00","46.208.821,00"
01/19/2021,"-316.700,00","-16.333.810,00"
01/18/2021,"10.132.800,00","270.119.840,00"
01/15/2021,"-17.688.333,00","-1.641.878.324,70"
01/14/2021,"21.950.470,00","1.054.269.877,40"
01/13/2021,"12.538.010,00","204.504.518,00"
01/12/2021,"8.240.218,00","149.458.670,00"
01/11/2021,"15.657.600,00","350.886.100,00"
01/08/2021,"1.546.207,00","593.946,00"
01/07/2021,"3.300.000,00","41.768.900,00"
01/06/2021,"1.747.200,00","17.272.500,00"
01/05/2021,"879.970,00","14.039.009,00"
01/04/2021,"1.413.766,00","62.823.946,20"
12/31/2020,"4.152.850,00","69.644.721,50"
12/30/2020,"1.364.280,00","22.592.361,10"
12/29/2020,"-5.582.310,00","-433.540.041,00"
12/28/2020,"4.753.000,00","92.433.500,00"
12/25/2020,"0,00","0,00"
12/24/2020,"770.000,00","31.307.600,00"
12/23/2020,"1.194.417,00","23.987.713,70"
12/22/2020,"300.000,00","618.750,00"
12/21/2020,"6.050.000,00","97.312.700,00"
12/18/2020,"650.000,00","8.131.750,00"
12/17/2020,"3.992.090,00","72.600.562,00"
12/16/2020,"6.279.325,00","74.391.660,00"
12/15/2020,"12.769.996,00","179.692.085,60"
12/14/2020,"-6.134.274,00","-376.974.931,14"
12/11/2020,"19.435.737,00","689.200.625,00"
12/10/2020,"18.459.996,00","520.811.299,60"
12/09/2020,"1.060.000,00","30.301.800,00"
12/08/2020,"5.200.000,00","81.324.000,00"
12/07/2020,"2.840.000,00","101.979.600,00"
12/04/2020,"179.994,00","3.083.430,70"
12/03/2020,"2.790.000,00","54.167.490,00"
12/02/2020,"-63.391.591,00","-1.264.008.706,50"
12/01/2020,"9.003.380,00","95.066.582,00"
11/30/2020,"21.150.756,00","360.751.088,46"
11/27/2020,"15.279.993,00","249.538.157,10"
11/26/2020,"-7.206.880,00","-213.962.800,00"
11/25/2020,"826.076,00","24.695.854,80"
11/24/2020,"1.386.258,00","86.198.082,86"
11/23/2020,"1.502.350,00","145.293.472,50"
11/20/2020,"1.420.000,00","50.536.240,00"
11/19/2020,"855.000,00","96.962.500,00"
11/18/2020,"1.000.000,00","262.000.000,00"
11/17/2020,"523.141,00","2.745.029,92"
11/16/2020,"433.000,00","875.497,00"
11/13/2020,"3.056.000,00","280.911.400,00"
11/12/2020,"662.991,00","20.852.767,00"
11/11/2020,"380.000,00","10.117.500,00"
11/10/2020,"-2.260.966,00","-40.733.308,62"
11/09/2020,"560.000,00","66.180.440,00"
11/06/2020,"680.000,00","51.350.100,00"
11/05/2020,"895.000,00","75.342.000,00"
11/04/2020,"-1.118.874,00","-11.795.707,31"
11/03/2020,"38.930,00","25.562.639,61"
11/02/2020,"-65.000,00","268.500,00"
10/30/2020,"-200.000,00","-12.985.000,00"
10/29/2020,"0,00","0,00"
10/28/2020,"600.000,00","8.296.000,00"
10/27/2020,"1.236.000,00","36.612.000,00"
10/26/2020,"-1.568.310,00","-74.244.649,33"
10/23/2020,"1.262.000,00","130.389.100,00"
10/22/2020,"-26.000,00","-3.372.200,00"
10/21/2020,"-2.617.950,00","-69.290.058,50"
10/20/2020,"-31.275.926,00","-547.175.591,68"
10/19/2020,"1.707.361,00","15.407.333,35"
10/16/2020,"-2.482.009,00","-62.620.275,12"
10/15/2020,"2.140.000,00","5.254.660,00"
10/14/2020,"1.440.000,00","41.821.600,00"
10/13/2020,"600.000,00","44.349.000,00"
10/12/2020,"-3.530.003,00","-93.487.240,92"
10/09/2020,"-40.007,00","-1.217.821,66"
10/08/2020,"235.000,00","-174.770,00"
10/07/2020,"-340.007,00","-6.348.961,00"
10/06/2020,"-25.128,00","-1.150.280,40"
10/05/2020,"4.159.989,00","50.462.531,30"
10/02/2020,"0,00","0,00"
10/01/2020,"-443.258,00","-44.613.616,00"
09/30/2020,"850.000,00","11.312.650,00"
09/29/2020,"7.242.666,00","147.943.843,94"
09/28/2020,"877.000,00","12.872.703,00"
09/25/2020,"2.084.720,00","18.356.082,85"
09/24/2020,"1.476.000,00","24.429.800,00"
09/23/2020,"4.570.240,00","63.558.680,16"
09/22/2020,"3.500.000,00","39.632.700,00"
09/21/2020,"1.397.880,00","66.802.696,72"
09/18/2020,"1.877.330,00","35.850.591,11"
09/17/2020,"2.748.860,00","20.084.137,00"
09/16/2020,"100.000,00","1.061.400,00"
09/15/2020,"891.365,00","-79.427.736,99"
09/14/2020,"-968.276,00","-30.747.268,00"
09/11/2020,"1.434.720,00","29.760.957,90"
09/10/2020,"67.886.956,00","5.343.240.550,00"
09/09/2020,"496.600,00","16.206.371,00"
09/08/2020,"-3.209.997,00","-101.172.206,20"
09/07/2020,"381.670,00","-13.235.138,55"
09/04/2020,"-1.384.060,00","-46.995.420,08"
09/03/2020,"21.898.586,00","507.022.471,03"
09/01/2020,"-530.002,00","-44.332.296,20"
08/31/2020,"-1.088.189,00","-99.084.071,65"
08/28/2020,"-26.421.298,00","-727.362.765,24"
08/27/2020,"7.506.683,00","47.849.955,00"
08/26/2020,"-50.000,00","-8.953.700,00"
08/25/2020,"811.410,00","-49.438.520,00"
08/24/2020,"4.068.220,00","48.916.668,00"
08/21/2020,"-1.460.008,00","-23.487.623,92"
08/20/2020,"16.038.800,00","1.548.659.690,00"
08/19/2020,"-200.000,00","-2.642.000,00"
08/18/2020,"-3.328.410,00","-71.503.882,58"
08/17/2020,"-100.000,00","-4.050.000,00"
08/14/2020,"2.371.850,00","36.946.100,00"
08/13/2020,"2.650.000,00","36.185.000,00"
08/12/2020,"894.000,00","17.637.030,00"
08/11/2020,"-110.010,00","-2.511.726,95"
08/10/2020,"958.600,00","12.944.704,40"
08/07/2020,"-6.022.000,00","-189.234.100,00"
08/06/2020,"60.000,00","4.674.000,00"
08/05/2020,"0,00","2.685.200,00"
08/04/2020,"-1.900.000,00","-77.262.940,00"
08/03/2020,"-1.466.000,00","-15.191.600,00"
07/31/2020,"-1.600.000,00","-37.604.500,00"
07/30/2020,"1.259.995,00","28.510.574,00"
07/29/2020,"11.024.606,00","198.122.331,40"
07/28/2020,"1.147.720,00","12.562.823,80"
07/27/2020,"2.658.130,00","21.621.641,00"
07/24/2020,"4.460.000,00","68.945.600,00"
07/23/2020,"3.027.000,00","25.575.400,00"
07/22/2020,"-64.350,00","-5.387.222,50"
07/21/2020,"500.000,00","13.744.500,00"
07/20/2020,"100.000,00","3.140.000,00"
07/17/2020,"220.000,00","6.749.000,00"
07/16/2020,"2.264.610,00","28.105.342,00"
07/15/2020,"3.750.000,00","83.410.200,00"
07/14/2020,"-420.008,00","3.492.598,40"
07/13/2020,"-59.950,00","16.831.923,90"
07/10/2020,"-585.400,00","-74.223.430,00"
07/09/2020,"-2.250.000,00","-51.500.000,00"
07/08/2020,"-3.884.376,00","-130.403.626,80"
07/07/2020,"473.300,00","54.158.085,30"
07/06/2020,"539.985,00","3.662.298,11"
07/03/2020,"-309.980,00","87.225.941,19"
07/02/2020,"-2.448.300,00","-59.037.330,00"
07/01/2020,"783.940,00","128.193.167,20"
06/30/2020,"1.779.112,00","19.623.139,16"
06/29/2020,"1.204.985,00","15.258.197,50"
06/26/2020,"2.126.270,00","115.240.614,50"
06/25/2020,"1.782.000,00","37.669.000,00"
06/24/2020,"5.478.020,00","113.421.070,35"
06/23/2020,"279.998,00","10.257.046,41"
06/22/2020,"-513.458,00","-5.600.156,00"
06/19/2020,"483.625,00","-22.903.715,20"
06/18/2020,"7.754.000,00","-121.128.440,00"
06/17/2020,"2.060.000,00","25.781.774,00"
06/16/2020,"758.000,00","9.698.480,00"
06/15/2020,"200.457.106,00","15.089.946.228,00"
06/12/2020,"-11.048.731,00","-173.916.379,20"
06/11/2020,"13.100.000,00","122.447.000,00"
06/10/2020,"10.477.520,00","131.525.146,00"
06/09/2020,"11.980.000,00","148.486.560,00"
06/08/2020,"14.723.990,00","162.935.649,00"
06/05/2020,"-10.917.860,00","-146.396.235,00"
06/04/2020,"-11.070.007,00","-154.036.162,90"
06/03/2020,"-10.035.000,00","-145.007.900,00"
06/02/2020,"-1.620.530,00","-35.142.423,50"
06/01/2020,"6.474.890,00","68.963.075,00"
05/29/2020,"7.177.950,00","28.384.554,50"
05/28/2020,"-1.733.297,00","-27.120.543,50"
05/27/2020,"-1.789.950,00","-17.054.266,25"
05/26/2020,"-830.000,00","-18.367.700,00"
05/25/2020,"-5.977.960,00","-79.291.100,00"
05/22/2020,"-3.213.463,00","-37.721.729,15"
05/21/2020,"2.123.613,00","24.544.098,06"
05/20/2020,"3.781.540,00","51.912.834,30"
05/19/2020,"1.200.851,00","24.260.038,50"
05/18/2020,"1.305.730,00","21.358.863,60"
05/15/2020,"18.608.066,00","205.773.261,05"
05/14/2020,"48.073.843,00","2.416.204.012,28"
05/13/2020,"4.415.929,00","47.216.466,87"
05/12/2020,"-1.177.302,00","-31.067.266,40"
05/11/2020,"-5.960.503,00","-192.765.575,90"
05/08/2020,"-164.783,00","-33.157.783,21"
05/07/2020,"-1.132.270,00","-45.131.107,00"
05/06/2020,"-36.555.288,00","-2.162.674.668,00"
05/05/2020,"-155.780,00","-3.882.000,00"
05/04/2020,"-132.000,00","-2.428.800,00"
04/29/2020,"-17.437.419,00","-341.971.261,50"
04/28/2020,"-1.576.480,00","-26.254.436,00"
04/27/2020,"-260.000,00","-4.756.000,00"
04/24/2020,"-2.900.000,00","-43.779.000,00"
04/23/2020,"-1.497.830,00","-23.016.449,00"
04/22/2020,"627.000,00","46.017.900,00"
04/21/2020,"-2.893.250,00","-51.140.004,00"
04/20/2020,"39.050,00","434.245,50"
04/17/2020,"278.400,00","7.320.882,50"
04/16/2020,"-400.196,00","-9.824.783,00"
04/15/2020,"-220.000,00","-6.086.000,00"
04/14/2020,"446.690,00","-5.171.295,70"
04/13/2020,"-3.418.563,00","-90.960.868,12"
04/10/2020,"50.000,00","2.158.450,00"
04/09/2020,"-670.410,00","980.541,00"
04/08/2020,"-9.046.740,00","-44.040.065,00"
04/07/2020,"-1.575.380,00","-21.023.378,00"
04/06/2020,"-2.370.807,00","-27.207.182,85"
04/03/2020,"-3.595.000,00","-68.556.500,00"
04/01/2020,"-760.000,00","-15.110.000,00"
03/31/2020,"-110.120,00","-10.547.360,00"
03/30/2020,"230.000,00","-6.522.250,00"
03/27/2020,"-2.651.000,00","-20.560.976,00"
03/26/2020,"-475.000,00","-5.154.500,00"
03/25/2020,"-1.101.070,00","-46.128.698,00"
03/24/2020,"-4.172.670,00","-107.292.765,00"
03/23/2020,"-400.000,00","-4.302.500,00"
03/20/2020,"-560.000,00","-10.080.000,00"
03/19/2020,"14.290.800,00","128.619.720,00"
03/18/2020,"-5.111.250,00","-106.176.250,00"
03/17/2020,"-7.656.100,00","-90.188.406,00"
03/16/2020,"-770.004,00","-10.609.576,60"
03/13/2020,"-1.466.780,00","-14.216.182,00"
03/12/2020,"-1.638.520,00","-39.073.220,00"
03/11/2020,"-3.114.850,00","-36.555.140,00"
03/10/2020,"-9.697.660,00","-107.869.086,46"
03/09/2020,"-144.810,00","-19.256.437,00"
03/06/2020,"545.000,00","15.294.600,00"
03/05/2020,"437.190,00","15.306.525,00"
03/04/2020,"192.070,00","-34.478.235,80"
03/03/2020,"2.440.100,00","46.182.855,40"
03/02/2020,"2.150.000,00","58.006.600,00"
02/28/2020,"-2.072.632,00","-15.052.059,00"
02/27/2020,"-2.588.140,00","-24.763.691,52"
02/26/2020,"-400.000,00","-5.595.200,00"
02/25/2020,"-5.950.007,00","-24.922.869,40"
02/24/2020,"-7.033.453,00","-147.737.523,50"
02/21/2020,"-2.610.000,00","-36.232.400,00"
02/20/2020,"-2.000.000,00","-28.831.600,00"
02/19/2020,"-540.007,00","-13.824.179,20"
02/18/2020,"-1.121.180,00","-25.038.572,00"
02/17/2020,"0,00","0,00"
02/14/2020,"933.020,00","521.790,32"
02/13/2020,"-273.000,00","-10.836.558,00"
02/12/2020,"1.567.610,00","18.625.491,90"
02/11/2020,"-1.660.000,00","-24.902.350,00"
02/10/2020,"-480.000,00","-12.919.100,00"
02/07/2020,"-5.575.790,00","-98.082.220,00"
02/06/2020,"916.710,00","-1.305.393,50"
02/05/2020,"350.000,00","6.035.400,00"
02/04/2020,"-450.200,00","-1.794.480,00"
02/03/2020,"406.430,00","-6.525.821,50"
01/31/2020,"2.105.990,00","45.563.457,50"
01/30/2020,"-1.500.900,00","-24.923.883,00"
01/22/2020,"-1.140.000,00","-117.118.000,00"
01/21/2020,"129.970,00","-67.681.756,98"
01/20/2020,"4.671.140,00","554.053.107,60"
01/17/2020,"-3.021.790,00","-14.669.884,50"
01/16/2020,"-220.080,00","30.529.238,00"
01/15/2020,"-2.547.860,00","-69.951.605,50"
01/14/2020,"13.311.914,00","285.879.842,40"
01/13/2020,"340.080,00","-4.822.840,00"
01/10/2020,"-1.333.430,00","-25.335.170,00"
01/09/2020,"788.643,00","73.443.674,00"
01/08/2020,"-12.211.914,00","-259.331.237,00"
01/07/2020,"0,00","0,00"
01/06/2020,"872.000,00","12.746.400,00"
01/03/2020,"200.000,00","-6.773.500,00"
01/02/2020,"600.000,00","8.835.000,00"
12/31/2019,"-550.000,00","-21.818.000,00"
12/30/2019,"130.010,00","2.116.192,00"
12/27/2019,"200.000,00","-2.381.000,00"
12/26/2019,"-250.000,00","-10.250.000,00"
12/25/2019,"0,00","0,00"
12/24/2019,"3.200.000,00","46.373.500,00"
12/23/2019,"717.540,00","10.795.835,50"
12/20/2019,"553.920,00","-94.833.080,00"
12/19/2019,"258.000,00","4.359.000,00"
12/18/2019,"-101.000,00","-49.518.800,00"
12/17/2019,"0,00","0,00"
12/16/2019,"8.899.520,00","200.970.816,00"
12/13/2019,"3.600.000,00","52.795.700,00"
12/12/2019,"0,00","0,00"
12/11/2019,"28.858,00","-34.608.570,00"
12/10/2019,"50.000,00","1.620.000,00"
12/09/2019,"-350.710,00","-23.609.328,00"
12/06/2019,"255.000,00","8.282.000,00"
12/05/2019,"368.500,00","7.301.925,00"
12/04/2019,"299.460,00","-43.402.200,00"
12/03/2019,"773.140,00","26.602.405,00"
12/02/2019,"428.175,00","4.595.112,50"
11/29/2019,"-793.200,00","-86.995.467,00"
11/28/2019,"-510.000,00","-14.366.100,00"
11/27/2019,"-226.770,00","-5.733.829,14"
11/26/2019,"-220.001,00","-10.968.613,90"
11/25/2019,"4.817.460,00","87.993.535,00"
11/22/2019,"900.000,00","18.533.500,00"
11/21/2019,"-9.620.000,00","-247.484.000,00"
11/20/2019,"630.000,00","11.449.500,00"
11/19/2019,"951.000,00","23.040.750,00"
11/18/2019,"-60.000,00","-45.830.250,00"
11/15/2019,"-1.320.000,00","-20.512.500,00"
11/14/2019,"60.000,00","7.440.000,00"
11/13/2019,"-13.572.950,00","-347.739.925,00"
11/12/2019,"-455.000,00","-54.600.000,00"
11/11/2019,"-300.000,00","-4.717.500,00"
11/08/2019,"29.680,00","3.769.360,00"
11/07/2019,"1.671.110,00","50.988.703,60"
11/06/2019,"275.920,00","8.052.320,00"
11/05/2019,"1.300.000,00","25.932.500,00"
11/04/2019,"0,00","0,00"
11/01/2019,"-2.155.000,00","-51.160.900,00"
10/31/2019,"15.200,00","-537.435,00"
10/30/2019,"90.660,00","7.014.952,00"
10/29/2019,"144.000,00","18.792.000,00"
10/28/2019,"3.840,00","18.567.760,00"
10/25/2019,"646.600,00","9.957.640,00"
10/24/2019,"70.870,00","208.683,89"
10/23/2019,"-477.120,00","-852.320,00"
10/22/2019,"0,00","0,00"
10/21/2019,"100.000,00","7.480.000,00"
10/18/2019,"60.950,00","4.194.070,00"
10/17/2019,"2.220.000,00","35.000.000,00"
10/16/2019,"-650.000,00","-77.025.000,00"
10/15/2019,"-1.200.000,00","-101.698.000,00"
10/14/2019,"200.000,00","3.068.000,00"
10/11/2019,"-600.000,00","-70.500.000,00"
10/10/2019,"-922.000,00","-90.176.500,00"
10/09/2019,"-550.000,00","-28.875.000,00"
10/08/2019,"30.000,00","639.000,00"
10/07/2019,"35.380,00","2.279.518,00"
10/04/2019,"-2.179.220,00","-100.196.930,00"
10/03/2019,"-75.004,00","2.187.295,76"
10/02/2019,"-4.127.574,00","-103.599.814,60"
10/01/2019,"-380.000,00","-6.630.070,00"
09/30/2019,"130.000,00","14.522.000,00"
09/27/2019,"-1.450.500,00","-21.714.900,00"
09/26/2019,"-1.419.709,00","-17.411.132,60"
09/25/2019,"0,00","1.079.700,00"
09/24/2019,"21.400,00","2.559.204,60"
09/23/2019,"-500.000,00","-7.617.000,00"
09/20/2019,"-461.170,00","-3.810.029,75"
09/19/2019,"-337.000,00","-4.882.250,00"
09/18/2019,"-123.620,00","3.327.415,00"
09/17/2019,"-21.863.000,00","-217.915.100,00"
09/16/2019,"-400.000,00","-8.221.400,00"
09/13/2019,"-420.004,00","-6.188.791,35"
09/12/2019,"0,00","0,00"
09/11/2019,"0,00","0,00"
09/10/2019,"0,00","0,00"
09/09/2019,"0,00","0,00"
09/06/2019,"-1.506.780,00","-23.129.073,00"
09/05/2019,"0,00","0,00"
09/04/2019,"-150.000,00","-2.205.000,00"
09/03/2019,"-1.263.929,00","-17.196.667,20"
08/30/2019,"-300.000,00","-320.000,00"
08/29/2019,"-1.000.000,00","-12.050.000,00"
08/28/2019,"-500.000,00","-6.995.000,00"
08/27/2019,"-1.000.000,00","-16.575.500,00"
08/26/2019,"-6.180.000,00","-92.108.700,00"
08/23/2019,"-1.942.000,00","-38.172.072,00"
08/22/2019,"-1.214.110,00","-21.052.302,00"
08/21/2019,"3.919.959,00","183.180.980,00"
08/20/2019,"-200.000,00","-2.966.000,00"
08/19/2019,"7.800.000,00","933.042.500,00"
08/16/2019,"-4.900.000,00","-70.451.500,00"
08/15/2019,"0,00","0,00"
08/14/2019,"-800.000,00","-11.693.200,00"
08/13/2019,"-2.480.000,00","-42.810.000,00"
08/12/2019,"-1.870.000,00","-27.094.930,00"
08/09/2019,"-2.670.000,00","-41.032.750,00"
08/08/2019,"-860.000,00","-8.432.400,00"
08/07/2019,"-2.185.048,00","-28.151.902,60"
08/06/2019,"-2.452.000,00","-36.171.200,00"
08/05/2019,"-4.140.000,00","-92.879.000,00"
08/02/2019,"-2.200.000,00","-102.561.500,00"
08/01/2019,"-400.000,00","-5.877.500,00"
07/31/2019,"-275.000,00","-32.042.500,00"
07/30/2019,"-935.110,00","-32.444.910,00"
07/29/2019,"-160.102,00","-8.527.144,56"
07/26/2019,"0,00","0,00"
07/25/2019,"-472.007,00","-80.327.910,92"
07/24/2019,"-4.417.340,00","4.135.970,00"
07/23/2019,"-20.000,00","-408.000,00"
07/22/2019,"4.031.045,00","72.558.810,00"
07/19/2019,"188.000,00","7.183.700,00"
07/18/2019,"-49.000,00","-1.016.750,00"
07/17/2019,"-440.000,00","-16.899.000,00"
07/16/2019,"-1.281.917,00","-76.199.327,67"
07/15/2019,"-25.000,00","-521.250,00"
07/12/2019,"215.000,00","12.460.250,00"
07/11/2019,"177.000,00","21.162.750,00"
07/10/2019,"1.980.000,00","28.707.000,00"
07/09/2019,"350.000,00","6.035.400,00"
07/08/2019,"1.690.000,00","33.102.000,00"
07/05/2019,"-1.330.000,00","-125.395.000,00"
07/04/2019,"5.231.900,00","90.791.765,00"
07/03/2019,"-690.007,00","-16.558.647,15"
07/02/2019,"-3.571.550,00","-73.857.322,50"
07/01/2019,"-1.469.902,00","-14.180.594,60"
06/28/2019,"-240.000,00","1.993.260,00"
06/27/2019,"-20.000,00","-864.500,00"
06/26/2019,"476.500,00","21.761.841,50"
06/25/2019,"-711.230,00","-15.693.359,00"
06/24/2019,"176.510,00","1.970.163,15"
06/21/2019,"1.120.000,00","10.636.800,00"
06/20/2019,"3.900.000,00","55.277.000,00"
06/19/2019,"1.268.690,00","16.222.800,00"
06/18/2019,"-332.130,00","-8.314.944,00"
06/17/2019,"0,00","-3.178.000,00"
06/14/2019,"-5.800.000,00","-106.440.000,00"
06/13/2019,"325.000,00","6.291.500,00"
06/12/2019,"1.100.000,00","15.888.500,00"
06/11/2019,"2.458.027,00","26.156.746,00"
06/10/2019,"1.179.997,00","14.180.631,45"
06/07/2019,"1.450.000,00","19.945.000,00"
06/06/2019,"666.828,00","-23.977.643,90"
06/05/2019,"910.000,00","3.491.000,00"
06/04/2019,"0,00","0,00"
06/03/2019,"0,00","0,00"
05/31/2019,"0,00","0,00"
05/30/2019,"4.806.150,00","65.430.800,00"
05/29/2019,"811.270,00","19.228.040,00"
05/28/2019,"900.000,00","12.429.000,00"
05/27/2019,"-200.000,00","-3.801.900,00"
05/24/2019,"1.249.390,00","16.883.067,00"
05/23/2019,"0,00","0,00"
05/22/2019,"1.600.000,00","23.941.500,00"
05/21/2019,"49.725.658,00","5.777.153.309,00"
05/20/2019,"35.000,00","2.747.500,00"
05/17/2019,"28.950,00","3.474.000,00"
05/16/2019,"-1.555.002,00","-27.765.013,00"
05/15/2019,"811.050,00","42.523.800,00"
05/14/2019,"-400.000,00","-5.787.000,00"
05/13/2019,"-200.000,00","-2.903.000,00"
05/10/2019,"160.000,00","2.464.100,00"
05/09/2019,"1.400.000,00","-4.707.750,00"
05/08/2019,"-1.200.000,00","8.275.000,00"
05/07/2019,"1.488.940,00","77.573.774,00"
05/06/2019,"0,00","0,00"
05/03/2019,"0,00","0,00"
05/02/2019,"0,00","0,00"
04/26/2019,"34.910,00","1.822.302,00"
04/25/2019,"-200.000,00","-8.000.000,00"
04/24/2019,"-350.000,00","13.875.400,00"
04/23/2019,"680.000,00","19.985.000,00"
04/22/2019,"1.000.000,00","31.950.000,00"
04/19/2019,"0,00","0,00"
04/18/2019,"0,00","0,00"
04/17/2019,"563.060,00","13.112.392,00"
04/16/2019,"300.000,00","4.389.500,00"
04/12/2019,"-20.004,00","-378.076,00"
04/11/2019,"-250.000,00","-4.140.500,00"
04/10/2019,"200.000,00","2.980.400,00"
04/09/2019,"-756.340,00","-41.692.430,00"
04/08/2019,"130.000,00","11.320.660,00"
04/05/2019,"500.000,00","6.008.000,00"
04/04/2019,"300.000,00","4.473.600,00"
04/03/2019,"3.851.800,00","43.028.380,00"
04/02/2019,"2.414.000,00","119.501.182,00"
04/01/2019,"-1.870.000,00","1.965.360,00"
03/29/2019,"1.510.000,00","30.320.760,00"
03/28/2019,"-49.820,00","-16.879.622,00"
03/27/2019,"2.287.290,00","68.873.798,00"
03/26/2019,"-1.196.770,00","-26.134.152,00"
03/25/2019,"1.160.900,00","14.813.500,00"
03/22/2019,"840.000,00","-8.352.100,00"
03/21/2019,"2.330.000,00","35.541.500,00"
03/20/2019,"2.931.700,00","58.077.743,00"
03/19/2019,"1.714.252,00","36.688.524,00"
03/18/2019,"974.980,00","17.911.036,00"
03/15/2019,"2.907.860,00","217.520.160,00"
03/14/2019,"-2.866.315,00","-68.921.617,00"
03/13/2019,"2.495.000,00","33.366.250,00"
03/12/2019,"462.940,00","9.029.519,00"
03/11/2019,"2.818.880,00","42.718.532,00"
03/08/2019,"3.600.000,00","54.663.000,00"
03/07/2019,"5.200.000,00","71.248.400,00"
03/06/2019,"3.204.000,00","43.199.674,00"
03/05/2019,"2.480.000,00","39.402.100,00"
03/04/2019,"-40.000,00","-1.360.000,00"
03/01/2019,"-2.090.435,00","-58.724.658,00"
02/28/2019,"-6.611.570,00","-117.726.175,00"
02/27/2019,"-751.440,00","8.143.075,00"
02/26/2019,"6.290.000,00","94.597.200,00"
02/25/2019,"1.210.000,00","16.634.500,00"
02/22/2019,"580.000,00","452.600,00"
02/21/2019,"5.090.400,00","68.135.500,00"
02/20/2019,"2.602.200,00","141.953.160,00"
02/19/2019,"4.028.860,00","90.170.369,00"
02/18/2019,"1.027.970,00","-65.159.160,00"
02/15/2019,"1.575.950,00","-415.050,00"
02/14/2019,"13.622.263,00","1.165.360.092,00"
02/13/2019,"-1.752.000,00","-18.849.700,00"
02/12/2019,"-1.055.008,00","-69.490.688,00"
02/11/2019,"-100.000,00","-8.510.000,00"
02/01/2019,"-812.000,00","-15.836.000,00"
01/31/2019,"-90.000,00","-35.924.000,00"
01/30/2019,"-100.000,00","-8.500.000,00"
01/29/2019,"450.000,00","-2.502.950,00"
01/28/2019,"1.100.000,00","15.736.000,00"
01/25/2019,"-950.000,00","-93.842.000,00"
01/24/2019,"400.000,00","5.692.400,00"
01/23/2019,"0,00","-21.244.500,00"
01/22/2019,"5.496.095,00","81.555.840,00"
01/21/2019,"0,00","0,00"
01/18/2019,"265.365,00","-12.321.351,00"
01/17/2019,"0,00","0,00"
01/16/2019,"6.169.000,00","565.080.400,00"
01/15/2019,"250.000,00","-2.010.250,00"
01/14/2019,"40.000,00","3.584.040,00"
01/11/2019,"100.000,00","1.420.000,00"
01/10/2019,"-1.341.474,00","-36.779.850,00"
01/09/2019,"1.355.000,00","33.609.075,00"
01/08/2019,"0,00","0,00"
01/07/2019,"0,00","0,00"
01/04/2019,"0,00","0,00"
01/03/2019,"-79.060,00","-9.675.046,00"
01/02/2019,"-180.000,00","2.294.200,00"
12/28/2018,"359.650,00","13.620.575,00"
12/27/2018,"340.000,00","9.535.500,00"
12/26/2018,"590.000,00","10.643.800,00"
12/25/2018,"-1.706.690,00","-24.634.083,00"
12/24/2018,"181.920,00","15.134.829,00"
12/21/2018,"3.069.000,00","59.297.449,00"
12/20/2018,"500.000,00","10.357.700,00"
12/19/2018,"0,00","0,00"
12/18/2018,"3.166.000,00","294.890.160,00"
12/17/2018,"-2.883.882,00","-54.303.204,00"
12/14/2018,"824.979,00","29.525.072,00"
12/13/2018,"359.249,00","-40.161.895,00"
12/12/2018,"-292.410,00","-8.791.313,00"
12/11/2018,"350.000,00","6.035.400,00"
12/10/2018,"2.650.000,00","40.208.100,00"
12/07/2018,"-209.000,00","-17.722.782,00"
12/06/2018,"-2.525.120,00","-63.500.120,00"
12/05/2018,"-322.637,00","-8.383.636,00"
12/04/2018,"238.999,00","29.887.435,00"
12/03/2018,"0,00","0,00"
11/30/2018,"989.653,00","53.163.170,00"
11/29/2018,"150.000,00","19.057.350,00"
11/28/2018,"200.000,00","25.590.000,00"
11/27/2018,"0,00","0,00"
11/26/2018,"0,00","0,00"
11/23/2018,"2.699.998,00","83.233.199,00"
11/22/2018,"0,00","0,00"
11/21/2018,"-500.000,00","-49.500.000,00"
11/20/2018,"-1.105.597,00","-45.122.880,00"
11/19/2018,"0,00","0,00"
11/16/2018,"447.500,00","11.858.750,00"
11/15/2018,"-3.220.000,00","-318.780.000,00"
11/14/2018,"-6.341.208,00","-138.477.180,00"
11/13/2018,"234.580,00","-1.611.226,00"
11/12/2018,"-1.750.000,00","-197.102.250,00"
11/09/2018,"2.390.830,00","79.211.540,00"
11/08/2018,"0,00","0,00"
11/07/2018,"-1.049.560,00","-3.384.043,00"
11/06/2018,"-2.101.460,00","-42.185.834,00"
11/05/2018,"-1.558.329,00","-59.450.667,00"
11/02/2018,"555.952,00","5.782.746,00"
11/01/2018,"40.000,00","1.344.000,00"
10/31/2018,"-270.000,00","-24.110.000,00"
10/30/2018,"-88.000,00","3.688.000,00"
10/29/2018,"-1.000.000,00","-14.327.500,00"
10/26/2018,"-1.600.000,00","-27.355.300,00"
10/25/2018,"-540.000,00","-23.760.000,00"
10/24/2018,"0,00","0,00"
10/23/2018,"0,00","0,00"
10/22/2018,"-300.000,00","-4.603.800,00"
10/19/2018,"0,00","0,00"
10/18/2018,"-55.000,00","-6.344.500,00"
10/17/2018,"261.290,00","9.960.495,00"
10/16/2018,"-1.564.000,00","-213.604.672,00"
10/15/2018,"-1.078.020,00","-18.842.829,00"
10/12/2018,"6.136.012,00","146.026.417,00"
10/11/2018,"-420.000,00","-6.777.000,00"
10/10/2018,"600.000,00","23.100.000,00"
10/09/2018,"644.170,00","33.739.024,00"
10/08/2018,"-400.000,00","7.092.800,00"
10/05/2018,"34.955.290,00","3.090.155.988,00"
10/04/2018,"-57.010,00","23.075.283,00"
10/03/2018,"427.000,00","12.511.100,00"
10/02/2018,"2.397.330,00","280.158.378,00"
10/01/2018,"-962.160,00","-131.149.143,00"
09/28/2018,"591.821,00","17.035.740,00"
09/27/2018,"-650.005,00","-6.630.051,00"
09/26/2018,"-1.600.000,00","-34.720.000,00"
09/25/2018,"58.250,00","5.491.519,00"
09/24/2018,"500.000,00","32.636.000,00"
09/21/2018,"-116.021,00","-9.154.057,00"
09/20/2018,"-106.530,00","17.082.218,00"
09/19/2018,"721.000,00","22.351.000,00"
09/18/2018,"50.000,00","1.659.750,00"
09/17/2018,"-350.000,00","-21.805.000,00"
09/14/2018,"1.000.000,00","31.000.000,00"
09/13/2018,"-20.006,00","-313.094,00"
09/12/2018,"575.000,00","18.010.000,00"
09/11/2018,"876.690,00","65.547.694,00"
09/10/2018,"443.302,00","14.859.619,00"
09/07/2018,"729.040,00","24.585.248,00"
09/06/2018,"295.000,00","4.390.120,00"
09/05/2018,"400.000,00","-22.998.500,00"
09/04/2018,"230.000,00","2.791.000,00"
08/31/2018,"703.660,00","19.181.022,00"
08/30/2018,"1.887.800,00","39.576.360,00"
08/29/2018,"1.500.000,00","38.962.000,00"
08/28/2018,"1.800.000,00","28.713.000,00"
08/27/2018,"575.000,00","18.436.500,00"
08/24/2018,"-248.700,00","1.504.750,00"
08/23/2018,"60.000,00","1.837.500,00"
08/22/2018,"1.119.830,00","52.440.486,00"
08/21/2018,"667.400,00","48.825.100,00"
08/20/2018,"84.800,00","4.144.080,00"
08/17/2018,"-245.000,00","-7.362.250,00"
08/16/2018,"-147.568,00","-34.520.067,00"
08/15/2018,"240.810,00","21.159.519,00"
08/14/2018,"374.800,00","13.006.020,00"
08/13/2018,"64.530,00","10.265.655,00"
08/10/2018,"-1.031.815,00","-50.278.581,00"
08/09/2018,"-280.000,00","-34.159.700,00"
08/08/2018,"200.000,00","3.082.300,00"
08/07/2018,"221.480,00","51.031.810,00"
08/06/2018,"0,00","0,00"
08/03/2018,"609.580,00","11.563.110,00"
08/02/2018,"240.000,00","2.871.400,00"
08/01/2018,"-1.975.000,00","-232.630.000,00"
07/31/2018,"-50.000,00","-7.550.000,00"
07/30/2018,"322.200,00","9.662.340,00"
07/27/2018,"650.720,00","11.057.380,00"
07/26/2018,"930.000,00","18.239.000,00"
07/25/2018,"-70.170,00","-1.978.794,00"
07/24/2018,"-1.960.000,00","-219.240.000,00"
07/23/2018,"0,00","0,00"
07/20/2018,"-1.955.800,00","-220.680.630,00"
07/19/2018,"2.000.000,00","58.000.000,00"
07/18/2018,"2.000.000,00","67.800.000,00"
07/17/2018,"212.000,00","7.208.000,00"
07/16/2018,"456.980,00","15.765.810,00"
07/13/2018,"252.400,00","3.033.220,00"
07/12/2018,"722.000,00","4.844.500,00"
07/11/2018,"1.810.000,00","26.295.700,00"
07/10/2018,"-650.000,00","-2.725.900,00"
07/09/2018,"-197.900,00","-2.735.820,00"
07/06/2018,"2.747.110,00","72.748.740,00"
07/05/2018,"322.050,00","4.961.378,00"
07/04/2018,"2.000.000,00","27.636.000,00"
07/03/2018,"-1.987.980,00","-45.011.040,00"
07/02/2018,"100.000,00","1.511.500,00"
06/29/2018,"864.240,00","25.075.808,00"
06/28/2018,"467.750,00","8.975.765,00"
06/27/2018,"-8.897.060,00","-102.615.130,00"
06/26/2018,"-373.080,00","26.121.160,00"
06/25/2018,"680.000,00","28.863.000,00"
06/22/2018,"-825.770,00","-9.843.680,00"
06/21/2018,"-728.640,00","-22.122.984,00"
06/20/2018,"318.000,00","7.537.000,00"
06/19/2018,"-1.731.830,00","-25.561.598,00"
06/18/2018,"-3.500.000,00","-57.245.000,00"
06/15/2018,"-2.643.150,00","-205.026.325,00"
06/14/2018,"-1.300.000,00","-21.595.500,00"
06/13/2018,"41.000,00","-4.885.380,00"
06/12/2018,"-2.519.000,00","-270.101.000,00"
06/11/2018,"-3.881.970,00","-61.383.201,00"
06/08/2018,"-1.619.000,00","-28.184.620,00"
06/07/2018,"-646.350,00","20.274.320,00"
06/06/2018,"1.110.180,00","93.734.940,00"
06/05/2018,"-1.291.000,00","-8.828.758,00"
06/04/2018,"200.000,00","27.138.000,00"
06/01/2018,"-1.986.430,00","-46.396.450,00"
05/31/2018,"2.393.590,00","46.041.740,00"
05/30/2018,"-1.390.000,00","-21.663.600,00"
05/29/2018,"-1.595.150,00","-16.038.590,00"
05/28/2018,"160.000,00","13.979.620,00"
05/25/2018,"-7.240.000,00","-179.828.240,00"
05/24/2018,"1.100.000,00","17.401.500,00"
05/23/2018,"1.300.000,00","-262.806.000,00"
05/22/2018,"-1.961.300,00","-233.875.695,00"
05/21/2018,"471.790,00","10.772.350,00"
05/18/2018,"423.550,00","-21.276.225,00"
05/17/2018,"776.115,00","-17.131.323,00"
05/16/2018,"10.319.547,00","62.666.481,00"
05/15/2018,"577.089,00","18.343.265,00"
05/14/2018,"400.000,00","6.760.800,00"
05/11/2018,"1.965.000,00","31.745.160,00"
05/10/2018,"33.523.677,00","1.151.340.057,00"
05/09/2018,"200.000,00","4.667.390,00"
05/08/2018,"200.000,00","21.313.000,00"
05/07/2018,"1.070.000,00","43.659.480,00"
05/04/2018,"-553.890,00","-22.655.545,00"
05/03/2018,"812.000,00","49.813.756,00"
05/02/2018,"773.000,00","24.942.810,00"
04/27/2018,"1.450.000,00","24.230.600,00"
04/26/2018,"3.550.000,00","73.310.200,00"
04/24/2018,"1.889.200,00","32.918.480,00"
04/23/2018,"3.175.000,00","99.148.740,00"
04/20/2018,"2.399.742,00","76.023.377,00"
04/19/2018,"2.995.000,00","96.127.810,00"
04/18/2018,"1.641.650,00","92.363.008,00"
04/17/2018,"1.567.390,00","64.100.690,00"
04/16/2018,"2.897.700,00","132.138.150,00"
04/13/2018,"1.384.730,00","59.222.676,00"
04/12/2018,"2.430.000,00","103.265.940,00"
04/11/2018,"-1.030.000,00","-191.626.000,00"
04/10/2018,"-353.600,00","127.493.214,00"
04/09/2018,"1.291.780,00","118.192.475,00"
04/06/2018,"-4.413.000,00","-5.136.000,00"
04/05/2018,"-1.585.000,00","-34.446.340,00"
04/04/2018,"200.000,00","22.166.000,00"
04/03/2018,"-546.484,00","18.781.514,00"
04/02/2018,"-816.710,00","-15.621.166,00"
03/30/2018,"3.105.000,00","170.997.910,00"
03/29/2018,"-4.277.292,00","-288.180.337,00"
03/28/2018,"-1.117.330,00","98.665.115,90"
03/27/2018,"-2.719.610,00","-41.535.745,00"
03/26/2018,"-2.748.820,00","-35.469.673,00"
03/23/2018,"-816.000,00","-17.467.400,00"
03/22/2018,"-5.154.100,00","-90.478.570,00"
03/21/2018,"-2.187.500,00","-44.036.690,00"
03/20/2018,"-7.710.000,00","-127.149.370,00"
03/19/2018,"1.700.000,00","152.852.200,00"
03/16/2018,"1.740.140,00","76.267.326,00"
03/15/2018,"-805.000,00","-13.509.060,00"
03/14/2018,"-2.250.000,00","-72.416.440,00"
03/13/2018,"850.000,00","24.225.540,00"
03/12/2018,"10.709.565,00","409.600.032,00"
03/09/2018,"-2.379.054,00","-59.134.764,00"
03/08/2018,"1.050.000,00","16.843.900,00"
03/07/2018,"-1.475.000,00","-31.073.850,00"
03/06/2018,"-130.613,00","-17.645.972,00"
03/05/2018,"-2.500.000,00","-45.416.000,00"
03/02/2018,"-2.330.000,00","-105.394.000,00"
03/01/2018,"0,00","0,00"
02/28/2018,"-2.545.000,00","-113.358.400,00"
02/27/2018,"-3.110.000,00","-53.249.000,00"
02/26/2018,"242.540,00","-257.420,00"
02/23/2018,"-1.477.884,00","-22.776.745,00"
02/22/2018,"358.430,00","8.996.605,00"
02/21/2018,"499.991,00","9.424.787,00"
02/13/2018,"26.580,00","1.592.142,00"
02/12/2018,"1.000.000,00","16.336.000,00"
02/09/2018,"2.293.668,00","40.574.909,00"
02/08/2018,"5.514.950,00","225.172.310,00"
02/07/2018,"-5.800.000,00","-253.322.000,00"
02/06/2018,"797.220,00","-126.517.558,00"
02/05/2018,"7.500.000,00","133.292.000,00"
02/02/2018,"7.743.186,00","268.526.717,00"
02/01/2018,"3.400.000,00","72.013.600,00"
01/31/2018,"4.454.888,00","1.428.156,00"
01/30/2018,"9.773.000,00","157.349.000,00"
01/29/2018,"1.052.997,00","-65.366.905,00"
01/26/2018,"950.000,00","21.741.400,00"
01/25/2018,"3.864.980,00","158.443.778,00"
01/22/2018,"4.414.000,00","131.733.200,00"
01/19/2018,"18.920.160,00","337.332.810,00"
01/18/2018,"8.709.220,00","320.823.860,00"
01/17/2018,"11.013.550,00","283.280.694,00"
01/16/2018,"11.783.780,00","212.845.285,00"
01/15/2018,"12.575.000,00","249.203.000,00"
01/12/2018,"13.392.400,00","269.380.420,00"
01/11/2018,"6.120.000,00","154.105.600,00"
01/10/2018,"4.330.000,00","115.839.760,00"
01/09/2018,"4.309.000,00","128.550.925,00"
01/08/2018,"16.321.863,00","578.779.933,00"
01/05/2018,"599.994,00","10.037.521,00"
01/04/2018,"-700.000,00","3.628.600,00"
01/03/2018,"-120.000,00","-2.168.720,00"
01/02/2018,"1.212.640,00","68.176.304,00"
12/29/2017,"5.990.580,00","700.209.272,00"
12/28/2017,"600.000,00","9.585.000,00"
12/27/2017,"302.000,00","-30.484.000,00"
12/26/2017,"900.000,00","66.780.000,00"
12/25/2017,"1.385.000,00","21.642.380,00"
12/22/2017,"1.800.000,00","34.245.000,00"
12/21/2017,"1.873.000,00","52.436.406,00"
12/20/2017,"620.000,00","19.570.000,00"
12/19/2017,"1.500.000,00","27.525.000,00"
12/18/2017,"1.278.900,00","35.162.620,00"
12/15/2017,"1.550.000,00","26.482.900,00"
12/14/2017,"600.000,00","9.052.800,00"
12/13/2017,"1.230.000,00","21.872.500,00"
12/12/2017,"650.000,00","18.302.000,00"
12/11/2017,"1.300.000,00","19.965.400,00"
12/08/2017,"-2.400.000,00","-342.725.000,00"
12/07/2017,"4.579.992,00","70.501.664,00"
12/06/2017,"1.900.000,00","29.600.100,00"
12/05/2017,"3.143.948,00","51.699.892,00"
12/04/2017,"0,00","0,00"
12/01/2017,"400.000,00","6.217.200,00"
11/30/2017,"4.300.000,00","67.088.600,00"
11/29/2017,"4.180.000,00","63.946.800,00"
11/28/2017,"378.394,00","4.227.577,00"
11/27/2017,"2.800.000,00","46.621.000,00"
11/24/2017,"1.500.000,00","22.897.500,00"
11/23/2017,"4.400.000,00","175.703.800,00"
11/22/2017,"300.000,00","19.200.000,00"
11/21/2017,"2.100.000,00","53.217.000,00"
11/20/2017,"1.900.000,00","42.823.000,00"
11/17/2017,"-65.700,00","-420.607,00"
11/16/2017,"359.812,00","267.166.345,00"
11/15/2017,"-2.772.000,00","-164.928.000,00"
11/14/2017,"-4.000.000,00","-120.000.000,00"
11/13/2017,"319.698,00","228.139.068,00"
11/10/2017,"-100.000,00","-1.970.000,00"
11/09/2017,"583.890,00","36.932.055,00"
11/08/2017,"-679.000,00","30.855.945,00"
11/07/2017,"1.050.000,00","24.060.000,00"
11/06/2017,"-4.817.779,00","-856.379.004,00"
11/03/2017,"1.528.530,00","55.601.315,00"
11/02/2017,"40.000,00","880.000,00"
11/01/2017,"4.698.235,00","170.086.855,00"
10/31/2017,"2.622.010,00","37.696.805,00"
10/30/2017,"6.800.000,00","107.329.500,00"
10/27/2017,"6.120.000,00","71.874.800,00"
10/26/2017,"653.497,00","99.341.545,00"
10/25/2017,"7.705.577,00","211.450.188,00"
10/24/2017,"-2.297.090,00","-38.492.995,00"
10/23/2017,"1.726.500,00","-67.460.400,00"
10/20/2017,"360.994,00","-81.423.391,00"
10/19/2017,"-1.000.000,00","-12.745.000,00"
10/18/2017,"-1.480.000,00","-18.920.400,00"
10/17/2017,"1.200.000,00","16.041.600,00"
10/16/2017,"10.400.000,00","240.871.500,00"
10/13/2017,"396.460,00","37.352.655,00"
10/12/2017,"0,00","0,00"
10/11/2017,"-200.000,00","-10.786.800,00"
10/10/2017,"-200.000,00","-7.880.000,00"
10/09/2017,"-130.000,00","-2.132.000,00"
10/06/2017,"0,00","0,00"
10/05/2017,"-2.840.000,00","-88.040.000,00"
10/04/2017,"-200.000,00","-11.000.000,00"
10/03/2017,"0,00","0,00"
10/02/2017,"0,00","0,00"
09/29/2017,"-1.145.364,00","-57.268.200,00"
09/28/2017,"-1.333.770,00","-30.943.464,00"
09/27/2017,"-235.000,00","-12.914.660,00"
09/26/2017,"-68.362,00","-820.344,00"
09/25/2017,"90.000,00","1.832.850,00"
09/22/2017,"0,00","0,00"
09/21/2017,"290.820,00","11.311.701,00"
09/20/2017,"0,00","0,00"
09/19/2017,"-40.005,00","-773.091,00"
09/18/2017,"-1.500.000,00","-19.404.000,00"
09/15/2017,"-1.103.883,00","-52.265.886,00"
09/14/2017,"-200.000,00","-2.750.000,00"
09/13/2017,"0,00","0,00"
09/12/2017,"1.300.000,00","69.160.000,00"
09/11/2017,"3.020.500,00","161.912.400,00"
09/08/2017,"-1.000.000,00","-12.763.000,00"
09/07/2017,"0,00","0,00"
09/06/2017,"0,00","0,00"
09/05/2017,"0,00","0,00"
09/01/2017,"0,00","0,00"
08/31/2017,"0,00","0,00"
08/30/2017,"1.000.000,00","12.385.000,00"
08/29/2017,"1.330.094,00","13.162.546,00"
08/28/2017,"0,00","0,00"
08/25/2017,"-30.000,00","-930.000,00"
08/24/2017,"20.000,00","1.010.000,00"
08/23/2017,"-500.000,00","-11.500.000,00"
08/22/2017,"0,00","0,00"
08/21/2017,"-105.020,00","535.120,00"
08/18/2017,"-343.040,00","-13.587.194,00"
08/17/2017,"-443.000,00","-16.264.000,00"
08/16/2017,"-200.000,00","-8.860.000,00"
08/15/2017,"-784.530,00","-34.553.763,00"
08/14/2017,"-75.000,00","-1.125.000,00"
08/11/2017,"-20.000,00","-2.382.000,00"
08/10/2017,"28.400,00","1.036.600,00"
08/09/2017,"-117.850,00","-4.981.873,00"
08/08/2017,"312.520,00","-1.753.511,00"
08/07/2017,"-352.180,00","-15.079.995,00"
08/04/2017,"0,00","0,00"
08/03/2017,"275.000,00","3.120.000,00"
08/02/2017,"2.000.000,00","24.842.000,00"
08/01/2017,"0,00","0,00"
07/31/2017,"1.469.170,00","23.987.595,00"
07/28/2017,"-573.680,00","-17.154.189,00"
07/27/2017,"1.500.000,00","18.322.500,00"
07/26/2017,"1.370.000,00","20.336.730,00"
07/25/2017,"1.600.000,00","16.158.900,00"
07/24/2017,"1.400.000,00","16.697.800,00"
07/21/2017,"1.300.000,00","15.675.400,00"
07/20/2017,"1.900.000,00","23.172.000,00"
07/19/2017,"500.000,00","-2.966.000,00"
07/18/2017,"4.490.192,00","52.713.026,00"
07/17/2017,"1.180.000,00","13.887.200,00"
07/14/2017,"2.000.000,00","21.412.500,00"
07/13/2017,"-202.000,00","-2.924.200,00"
07/12/2017,"1.000.000,00","12.324.000,00"
07/11/2017,"3.000.000,00","36.876.000,00"
07/10/2017,"3.040.000,00","35.171.800,00"
07/07/2017,"1.020.000,00","11.273.800,00"
07/06/2017,"2.730.000,00","27.662.600,00"
07/05/2017,"829.149,00","-12.018.071,00"
07/04/2017,"939.231,00","8.844.486,00"
07/03/2017,"1.515.000,00","17.359.445,00"
06/30/2017,"0,00","0,00"
06/29/2017,"-100.000,00","-1.360.000,00"
06/28/2017,"-20.000,00","-775.000,00"
06/27/2017,"3.065.514,00","57.271.208,00"
06/26/2017,"1.763.000,00","19.319.400,00"
06/23/2017,"-60.000,00","1.075.000,00"
06/22/2017,"3.088.000,00","55.754.000,00"
06/21/2017,"1.300.000,00","37.952.000,00"
06/20/2017,"0,00","0,00"
06/19/2017,"-60.007,00","-1.471.323,00"
06/16/2017,"1.146.494,00","20.820.444,00"
06/15/2017,"0,00","0,00"
06/14/2017,"0,00","0,00"
06/13/2017,"419.093,00","1.338.428,00"
06/12/2017,"-100.000,00","-1.220.000,00"
06/09/2017,"191.700,00","-4.587.270,00"
06/08/2017,"-350.000,00","-53.784.500,00"
06/07/2017,"444.000,00","6.013.650,00"
06/06/2017,"830.000,00","5.561.000,00"
06/05/2017,"-100.000,00","-7.000.000,00"
06/02/2017,"1.600.000,00","18.867.200,00"
06/01/2017,"0,00","0,00"
05/31/2017,"-1.150.000,00","-49.450.000,00"
05/30/2017,"-186.000,00","-3.391.500,00"
05/29/2017,"0,00","0,00"
05/26/2017,"-100.000,00","-1.170.000,00"
05/25/2017,"100.000,00","4.350.000,00"
05/24/2017,"0,00","0,00"
05/23/2017,"0,00","0,00"
05/22/2017,"5.508.333,00","34.090.998,00"
05/19/2017,"79.080,00","2.879.608,00"
05/18/2017,"220.000,00","9.616.420,00"
05/17/2017,"93.680,00","4.085.332,00"
05/16/2017,"300.000,00","9.000.000,00"
05/15/2017,"0,00","0,00"
05/12/2017,"-365.000,00","-39.096.000,00"
05/11/2017,"-90.200,00","-12.988.800,00"
05/10/2017,"0,00","0,00"
05/09/2017,"0,00","0,00"
05/08/2017,"-731.351,00","-186.126.376,00"
05/05/2017,"-235.900,00","-31.537.082,00"
05/04/2017,"-300.000,00","-4.320.000,00"
05/03/2017,"-49.371.635,00","-337.948.197,00"
04/28/2017,"0,00","0,00"
04/27/2017,"2.668.111,00","63.086.561,00"
04/26/2017,"0,00","0,00"
04/25/2017,"500.000,00","5.452.500,00"
04/24/2017,"-20.700,00","-1.015.335,00"
04/21/2017,"-58.946.826,00","-2.463.536.462,00"
04/20/2017,"55.740,00","2.513.540,00"
04/19/2017,"120.000,00","5.448.000,00"
04/18/2017,"83.728,00","4.778.920,00"
04/17/2017,"0,00","0,00"
04/14/2017,"0,00","0,00"
04/13/2017,"0,00","0,00"
04/12/2017,"30.580,00","1.535.116,00"
04/11/2017,"76.196,00","1.331.117,00"
04/10/2017,"-550.000,00","-6.952.500,00"
04/07/2017,"172.500,00","6.520.500,00"
04/05/2017,"-110.370,00","-9.287.798,00"
04/04/2017,"-50.000,00","-505.000,00"
04/03/2017,"0,00","0,00"
03/31/2017,"-239.900,00","-6.777.175,00"
03/30/2017,"661.310,00","45.441.670,00"
03/29/2017,"-132.722,00","-6.957.484,00"
03/28/2017,"-300.000,00","-12.376.800,00"
03/27/2017,"650.000,00","-12.957.500,00"
03/24/2017,"-540.006,00","-6.276.138,00"
03/23/2017,"-2.100.000,00","-50.445.000,00"
03/22/2017,"0,00","0,00"
03/21/2017,"13.708.050,00","168.052.800,00"
03/20/2017,"250.000,00","11.290.000,00"
03/17/2017,"2.149.950,00","16.119.878,00"
03/16/2017,"380.000,00","4.123.000,00"
03/15/2017,"99.590,00","6.171.960,00"
03/14/2017,"227.621,00","24.650.205,00"
03/13/2017,"2.251.640,00","278.713.850,00"
03/10/2017,"-2.000.000,00","-36.000.000,00"
03/09/2017,"-4.000.000,00","-72.000.000,00"
03/08/2017,"1.732.050,00","70.886.050,00"
03/07/2017,"-225.650,00","-29.374.892,00"
03/06/2017,"-2.650.160,00","-19.628.444,00"
03/03/2017,"-805.760,00","-45.044.575,00"
03/02/2017,"310.460,00","3.467.376,00"
03/01/2017,"-1.674.620,00","-43.189.734,00"
02/28/2017,"20.000,00","640.000,00"
02/27/2017,"-42.000,00","-5.544.504,00"
02/24/2017,"79.700,00","2.985.881,00"
02/23/2017,"0,00","0,00"
02/22/2017,"-20.008,00","-656.262,00"
02/21/2017,"902.720,00","70.953.600,00"
02/20/2017,"0,00","0,00"
02/17/2017,"0,00","0,00"
02/16/2017,"350.000,00","12.250.000,00"
02/15/2017,"0,00","0,00"
02/14/2017,"20.000,00","906.000,00"
02/13/2017,"-50.000,00","-277.500,00"
02/10/2017,"168.240,00","3.482.568,00"
02/09/2017,"1.220.000,00","34.856.000,00"
02/08/2017,"-270.170,00","-21.786.500,00"
02/07/2017,"-184.460,00","-17.339.240,00"
02/06/2017,"20.890,00","10.586.270,00"
02/03/2017,"-501.500,00","-5.140.375,00"
02/02/2017,"926.950,00","-1.434.980,00"
01/25/2017,"-50.000,00","-950.000,00"
01/24/2017,"1.500.000,00","160.020.000,00"
01/23/2017,"333.630,00","5.977.519,00"
01/20/2017,"228.850,00","12.129.050,00"
01/19/2017,"147.000,00","101.487.500,00"
01/18/2017,"-300.000,00","-2.835.000,00"
01/17/2017,"950.000,00","23.990.000,00"
01/16/2017,"0,00","0,00"
01/13/2017,"-627.970,00","-23.861.505,00"
01/12/2017,"-3.087.833,00","-92.634.990,00"
01/11/2017,"433.500,00","14.898.050,00"
01/10/2017,"46.240,00","490.144,00"
01/09/2017,"-54.000,00","15.947.902,00"
01/06/2017,"0,00","0,00"
01/05/2017,"-133.500,00","-9.932.400,00"
01/04/2017,"42.410,00","451.667,00"
01/03/2017,"0,00","0,00"
12/30/2016,"3.401.264,00","581.021.593,00"
12/29/2016,"0,00","0,00"
12/28/2016,"1.000.000,00","8.300.000,00"
12/27/2016,"7.000.000,00","56.000.000,00"
12/26/2016,"-8.941.905,00","-378.164.117,00"
12/23/2016,"-1.405.061,00","-39.617.190,00"
12/22/2016,"-70.000,00","-8.820.700,00"
12/21/2016,"6.107.500,00","125.581.614,00"
12/20/2016,"220.000,00","12.248.000,00"
12/19/2016,"1.650.000,00","13.455.000,00"
12/16/2016,"2.776.750,00","43.249.250,00"
12/15/2016,"0,00","0,00"
12/14/2016,"-250.000,00","-5.805.000,00"
12/13/2016,"370.000,00","12.950.000,00"
12/12/2016,"50.170,00","551.870,00"
12/09/2016,"-1.609.303,00","-139.024.739,00"
12/08/2016,"-300.000,00","-4.425.000,00"
12/07/2016,"1.100.000,00","8.883.500,00"
12/06/2016,"-121.870,00","-5.551.179,00"
12/05/2016,"0,00","0,00"
12/02/2016,"1.953.000,00","3.060.300,00"
12/01/2016,"765.000,00","16.060.500,00"
11/30/2016,"69.692,00","-19.564.168,00"
11/29/2016,"-47.990,00","-6.445.057,00"
11/28/2016,"247.580,00","11.141.754,00"
11/25/2016,"1.951.000,00","6.319.500,00"
11/24/2016,"-250.000,00","-3.785.000,00"
11/23/2016,"-220.000,00","10.536.000,00"
11/22/2016,"-100.000,00","-1.555.000,00"
11/21/2016,"-573.000,00","-64.250.500,00"
11/18/2016,"-1.556.930,00","-58.462.815,00"
11/17/2016,"-1.160.000,00","-39.165.000,00"
11/16/2016,"174.870,00","1.744.697,00"
11/15/2016,"0,00","0,00"
11/14/2016,"470.000,00","9.114.500,00"
11/11/2016,"-500.000,00","-5.172.500,00"
11/10/2016,"0,00","0,00"
11/09/2016,"0,00","0,00"
11/08/2016,"0,00","0,00"
11/07/2016,"0,00","0,00"
11/04/2016,"0,00","0,00"
11/03/2016,"0,00","0,00"
11/02/2016,"50.000,00","4.300.000,00"
11/01/2016,"0,00","0,00"
10/31/2016,"2.800.000,00","59.080.000,00"
10/28/2016,"700.000,00","12.227.500,00"
10/27/2016,"0,00","0,00"
10/26/2016,"-285.040,00","-5.498.984,00"
10/25/2016,"110.120,00","2.166.452,00"
10/24/2016,"0,00","0,00"
10/21/2016,"2.000.000,00","10.444.000,00"
10/20/2016,"0,00","0,00"
10/19/2016,"0,00","0,00"
10/18/2016,"1.758.560,00","8.182.123,00"
06/30/2016,"250.000,00","14.620.000,00"
06/29/2016,"83.860,00","8.847.675,00"
06/28/2016,"50.000,00","3.675.000,00"
06/27/2016,"0,00","0,00"
06/24/2016,"350.000,00","8.540.000,00"
06/23/2016,"80.000,00","1.800.400,00"
06/22/2016,"260.000,00","6.782.560,00"
06/21/2016,"17.380,00","-574.800,00"
06/20/2016,"657.810,00","36.200.574,00"
06/17/2016,"1.880.000,00","47.400.000,00"
06/16/2016,"490.000,00","30.408.170,00"
06/15/2016,"120.000,00","5.196.000,00"
06/14/2016,"-40.000,00","-5.600.000,00"
06/13/2016,"-1.900.700,00","-85.105.700,00"
06/10/2016,"375.769,00","6.546.140,00"
06/09/2016,"520.000,00","12.030.000,00"
06/08/2016,"100.000,00","7.200.000,00"
06/07/2016,"259.000,00","18.648.000,00"
06/06/2016,"-7.232.593,00","-216.851.288,00"
06/03/2016,"41.000,00","1.072.150,00"
06/02/2016,"0,00","0,00"
06/01/2016,"-2.810.000,00","-92.866.000,00"
05/31/2016,"100.000,00","3.960.000,00"
05/30/2016,"-170.000,00","-11.645.000,00"
05/27/2016,"0,00","0,00"
05/26/2016,"-223.240,00","-33.262.760,00"
05/25/2016,"450.000,00","4.300.000,00"
05/24/2016,"205.000,00","4.898.500,00"
05/23/2016,"223.850,00","9.237.185,00"
